PO No.,PO Date,Department,Requested By,Vendor ID,Vendor Name,Category,Description,Qty,Unit Price (RM),Amount (RM),Tax (RM),Total (RM),Quotations,Contract Ref,Approved By,Status
PO-2025-0001,2025-01-07,Admin,Norhayati binti Salleh,V005,Duduk Selesa Furnishings Sdn Bhd,Office Furniture,Replacement office chair,2,362.91,725.82,58.07,783.89,1,,Salmah binti Idris,Received
PO-2025-0002,2025-01-08,Procurement,Aina Sofea binti Rashid,V003,Tintaria Imaging Supplies Sdn Bhd,Stock: Toner and Ink,LaserPro 26X black toner cartridge,76,242.77,18450.52,1476.04,19926.56,3,,Rozita binti Mohd Ariff,Received
PO-2025-0003,2025-01-11,Admin,Norhayati binti Salleh,V004,Alat Tulis Cendana Sdn Bhd,Office Supplies,Office stationery for head office,1,748.49,748.49,59.88,808.37,1,,Salmah binti Idris,Received
PO-2025-0004,2025-01-11,Procurement,Aina Sofea binti Rashid,V007,Ergoluma Seating Sdn Bhd,Stock: Furniture,Executive office desk 1.6 m,35,552.72,19345.20,1547.62,20892.82,4,,Rozita binti Mohd Ariff,Received
PO-2025-0005,2025-01-13,Warehouse,Muthu a/l Krishnan,V012,Rakmas Storage Solutions Sdn Bhd,Warehouse Equipment,Pallet trolley,3,590.91,1772.73,141.82,1914.55,1,,Ganesh a/l Muniandy,Received
PO-2025-0006,2025-01-14,Procurement,Daniel Wong Kah Leong,V003,Tintaria Imaging Supplies Sdn Bhd,Stock: Toner and Ink,LaserPro 85A black toner cartridge,99,178.15,17636.85,1410.95,19047.80,3,,Rozita binti Mohd Ariff,Received
PO-2025-0007,2025-01-14,Procurement,Daniel Wong Kah Leong,V006,Kerusi Nadira Trading,Stock: Furniture,Ergonomic mesh chair,47,331.66,15588.02,1247.04,16835.06,3,,Rozita binti Mohd Ariff,Received
PO-2025-0008,2025-01-17,Sales,Kenneth Ho,V004,Alat Tulis Cendana Sdn Bhd,Office Supplies,Sales team stationery,1,307.01,307.01,24.56,331.57,1,,Joanne Lee Pei Shan,Received
PO-2025-0009,2025-01-17,Procurement,Aina Sofea binti Rashid,V005,Duduk Selesa Furnishings Sdn Bhd,Stock: Furniture,Ergonomic mesh chair,77,357.49,27526.73,2202.14,29728.87,3,,Rozita binti Mohd Ariff,Received
PO-2025-0010,2025-01-18,Procurement,Aina Sofea binti Rashid,V002,Pualam Paper Merchants Sdn Bhd,Stock: Paper,"A3 copier paper, 80 gsm (ream)",600,24.61,14766.00,1181.28,15947.28,3,,Rozita binti Mohd Ariff,Received
PO-2025-0011,2025-01-19,Sales,Nur Syafiqah binti Azmi,V015,Cetak Pelangi Kenanga Sdn Bhd,Marketing and Printing,"Name cards, box of 200",14,39.26,549.64,43.97,593.61,1,,Joanne Lee Pei Shan,Received
PO-2025-0012,2025-01-21,Marketing,Chloe Tan Xin Yi,V015,Cetak Pelangi Kenanga Sdn Bhd,Marketing and Printing,Brochures and banners,1,2141.32,2141.32,171.31,2312.63,1,,Farah Nadiah binti Zulkifli,Received
PO-2025-0013,2025-01-22,Procurement,Daniel Wong Kah Leong,V001,Kertas Lestari Sdn Bhd,Stock: Paper,"A4 copier paper, 80 gsm (ream)",2400,11.02,26448.00,2115.84,28563.84,4,,Rozita binti Mohd Ariff,Received
PO-2025-0014,2025-01-23,Admin,Norhayati binti Salleh,V011,Bersih Kemboja Services Sdn Bhd,Facilities and Cleaning,Cleaning supplies,1,858.68,858.68,68.69,927.37,1,,Salmah binti Idris,Received
PO-2025-0015,2025-01-24,Procurement,Aina Sofea binti Rashid,V004,Alat Tulis Cendana Sdn Bhd,Stock: Stationery,"Ballpoint pens, box of 50",370,28.59,10578.30,846.26,11424.56,3,,Rozita binti Mohd Ariff,Received
PO-2025-0016,2025-01-24,IT,Arif bin Mansor,V009,Kodbar Nusa Technology Sdn Bhd,IT Equipment,Thermal label printer,1,2013.51,2013.51,161.08,2174.59,1,,Tan Boon Hock,Received
PO-2025-0017,2025-01-25,Procurement,Daniel Wong Kah Leong,V002,Pualam Paper Merchants Sdn Bhd,Stock: Paper,"A4 copier paper, 80 gsm (ream)",1880,11.09,20849.20,1667.94,22517.14,3,,Rozita binti Mohd Ariff,Received
PO-2025-0018,2025-01-27,Finance,Lee Hui Min,V002,Pualam Paper Merchants Sdn Bhd,Office Supplies,"Continuous computer forms, box",6,84.46,506.76,40.54,547.30,1,,Hafiz bin Kamarudin,Received
PO-2025-0019,2025-01-27,Warehouse,Zulhilmi bin Hashim,V013,Rangka Waja Ironworks Sdn Bhd,Warehouse Equipment,Shelving spare parts and beams,1,1746.25,1746.25,139.70,1885.95,1,,Ganesh a/l Muniandy,Received
PO-2025-0020,2025-01-28,Admin,Norhayati binti Salleh,V010,Kilau Embun Facility Services Sdn Bhd,Facilities and Cleaning,"Office cleaning services, monthly fee, January 2025",1,3650.00,3650.00,292.00,3942.00,0,CT-2025-002,Salmah binti Idris,Received
PO-2025-0021,2025-01-28,Warehouse,Zulhilmi bin Hashim,V014,Kilat Merbok Express Sdn Bhd,Logistics and Courier,"Courier charges, monthly statement, January 2025",1,2078.45,2078.45,166.28,2244.73,0,CT-2025-004,Ganesh a/l Muniandy,Received
PO-2025-0022,2025-02-01,Procurement,Aina Sofea binti Rashid,V004,Alat Tulis Cendana Sdn Bhd,Stock: Stationery,"Lever arch files, carton of 50",67,121.39,8133.13,650.65,8783.78,3,,Rozita binti Mohd Ariff,Received
PO-2025-0023,2025-02-04,Procurement,Daniel Wong Kah Leong,V003,Tintaria Imaging Supplies Sdn Bhd,Stock: Toner and Ink,LaserPro 26X black toner cartridge,82,238.77,19579.14,1566.33,21145.47,3,,Rozita binti Mohd Ariff,Received
PO-2025-0024,2025-02-05,IT,Arif bin Mansor,V008,Imbas Teraju Systems Sdn Bhd,IT Equipment,Handheld barcode scanner,2,1447.54,2895.08,231.61,3126.69,1,,Tan Boon Hock,Received
PO-2025-0025,2025-02-11,Admin,Norhayati binti Salleh,V005,Duduk Selesa Furnishings Sdn Bhd,Office Furniture,Replacement office chair,4,360.13,1440.52,115.24,1555.76,1,,Salmah binti Idris,Received
PO-2025-0026,2025-02-12,Procurement,Daniel Wong Kah Leong,V001,Kertas Lestari Sdn Bhd,Stock: Paper,"A4 copier paper, 80 gsm (ream)",780,11.01,8587.80,687.02,9274.82,4,,Rozita binti Mohd Ariff,Received
PO-2025-0027,2025-02-17,IT,Arif bin Mansor,V009,Kodbar Nusa Technology Sdn Bhd,IT Equipment,Business laptop,8,3350.00,26800.00,2144.00,28944.00,3,,Rozita binti Mohd Ariff,Received
PO-2025-0028,2025-02-22,Procurement,Daniel Wong Kah Leong,V002,Pualam Paper Merchants Sdn Bhd,Stock: Paper,"A4 copier paper, 80 gsm (ream)",1130,12.00,13560.00,1084.80,14644.80,3,,Rozita binti Mohd Ariff,Received
PO-2025-0029,2025-02-22,Procurement,Aina Sofea binti Rashid,V003,Tintaria Imaging Supplies Sdn Bhd,Stock: Toner and Ink,LaserPro 85A black toner cartridge,85,176.09,14967.65,1197.41,16165.06,3,,Rozita binti Mohd Ariff,Received
PO-2025-0030,2025-02-24,Procurement,Aina Sofea binti Rashid,V004,Alat Tulis Cendana Sdn Bhd,Stock: Stationery,"Ballpoint pens, box of 50",210,30.65,6436.50,514.92,6951.42,4,,Rozita binti Mohd Ariff,Received
PO-2025-0031,2025-02-27,Admin,Norhayati binti Salleh,V010,Kilau Embun Facility Services Sdn Bhd,Facilities and Cleaning,"Office cleaning services, monthly fee, February 2025",1,3650.00,3650.00,292.00,3942.00,0,CT-2025-002,Salmah binti Idris,Received
PO-2025-0032,2025-02-27,Warehouse,Zulhilmi bin Hashim,V014,Kilat Merbok Express Sdn Bhd,Logistics and Courier,"Courier charges, monthly statement, February 2025",1,2141.78,2141.78,171.34,2313.12,0,CT-2025-004,Ganesh a/l Muniandy,Received
PO-2025-0033,2025-02-27,Marketing,Chloe Tan Xin Yi,V015,Cetak Pelangi Kenanga Sdn Bhd,Marketing and Printing,Brochures and banners,1,1152.49,1152.49,92.20,1244.69,1,,Farah Nadiah binti Zulkifli,Received
PO-2025-0034,2025-03-01,Procurement,Aina Sofea binti Rashid,V001,KERTAS LESTARI SDN BHD,Stock: Paper,"A4 copier paper, 80 gsm (ream)",1170,11.82,13829.40,1106.35,14935.75,3,,Rozita binti Mohd Ariff,Received
PO-2025-0035,2025-03-04,,Norhayati binti Salleh,V004,Alat Tulis Cendana Sdn Bhd,Office Supplies,Office stationery for head office,1,665.61,665.61,53.25,718.86,1,,Salmah binti Idris,Received
PO-2025-0036,2025-03-05,Warehouse,Muthu a/l Krishnan,V013,Rangka Waja Ironworks Sdn Bhd,Warehouse Equipment,Shelving spare parts and beams,1,1241.38,1241.38,99.31,1340.69,1,,Ganesh a/l Muniandy,Received
PO-2025-0037,2025-03-06,Procurement,Aina Sofea binti Rashid,V003,Tintaria Imaging Supplies Sdn Bhd,Stock: Toner and Ink,LaserPro 26X black toner cartridge,110,243.90,26829.00,2146.32,28975.32,3,,Rozita binti Mohd Ariff,Received
PO-2025-0038,2025-03-07,IT,Arif bin Mansor,V009,Kodbar Nusa Technology Sdn Bhd,IT Equipment,Thermal label printer,1,2052.33,2052.33,164.19,2216.52,1,,Tan Boon Hock,Received
PO-2025-0039,2025-03-11,Procurement,Aina Sofea binti Rashid,V005,Duduk Selesa Furnishings Sdn Bhd,Stock: Furniture,Ergonomic mesh chair,71,369.94,26265.74,2101.26,28367.00,3,,Rozita binti Mohd Ariff,Received
PO-2025-0040,2025-03-16,Finance,Lee Hui Min,V002,Pualam Paper Merchants Sdn Bhd,Office Supplies,"Continuous computer forms, box",6,82.39,494.34,39.55,533.89,1,,Hafiz bin Kamarudin,Received
PO-2025-0040,2025-03-16,Finance,Lee Hui Min,V002,Pualam Paper Merchants Sdn Bhd,Office Supplies,"Continuous computer forms, box",6,82.39,494.34,39.55,533.89,1,,Hafiz bin Kamarudin,Received
PO-2025-0041,2025-03-19,Warehouse,Muthu a/l Krishnan,V012,Rakmas Storage Solutions Sdn Bhd,Warehouse Equipment,Pallet trolley,6,487.34,2924.04,233.92,3157.96,1,,Ganesh a/l Muniandy,Received
PO-2025-0042,2025-03-20,Procurement,Aina Sofea binti Rashid,V002,Pualam Paper Merchants Sdn Bhd,Stock: Paper,"A4 copier paper, 80 gsm (ream)",1170,11.45,13396.50,1071.72,14468.22,4,,Rozita binti Mohd Ariff,Received
PO-2025-0043,2025-03-22,Procurement,Aina Sofea binti Rashid,V001,Kertas Lestari Sdn Bhd,Stock: Paper,"A4 copier paper, 80 gsm (ream)",1010,11.82,11938.20,955.06,12893.26,4,,Rozita binti Mohd Ariff,Received
PO-2025-0044,2025-03-22,Procurement,Daniel Wong Kah Leong,V002,Pualam Paper Merchants Sdn Bhd,Stock: Paper,"A3 copier paper, 80 gsm (ream)",340,22.76,7738.40,619.07,8357.47,3,,Rozita binti Mohd Ariff,Received
PO-2025-0045,2025-03-22,Procurement,Daniel Wong Kah Leong,V004,Alat Tulis Cendana Sdn Bhd,Stock: Stationery,"Lever arch files, carton of 50",58,120.48,6987.84,559.03,7546.87,3,,Rozita binti Mohd Ariff,Received
PO-2025-0046,2025-03-26,Procurement,Aina Sofea binti Rashid,V006,Kerusi Nadira Trading,Stock: Furniture,Ergonomic mesh chair,77,329.67,25384.59,2030.77,27415.36,3,,Rozita binti Mohd Ariff,Received
PO-2025-0047,2025-03-27,Procurement,Aina Sofea binti Rashid,V007,Ergoluma Seating Sdn Bhd,Stock: Furniture,Executive office desk 1.6 m,26,579.55,15068.30,1205.46,16273.76,3,,Rozita binti Mohd Ariff,Received
PO-2025-0048,2025-03-28,Admin,Norhayati binti Salleh,V010,Kilau Embun Facility Services Sdn Bhd,Facilities and Cleaning,"Office cleaning services, monthly fee, March 2025",1,3650.00,3650.00,292.00,3942.00,0,CT-2025-002,Salmah binti Idris,Received
PO-2025-0049,2025-03-28,Warehouse,Muthu a/l Krishnan,V014,Kilat Merbok Express Sdn Bhd,Logistics and Courier,"Courier charges, monthly statement, March 2025",1,2419.33,2419.33,193.55,2612.88,0,CT-2025-004,Ganesh a/l Muniandy,Received
PO-2025-0050,2025-03-29,Procurement,Aina Sofea binti Rashid,V003,Tintaria Imaging Supplies Sdn Bhd,Stock: Toner and Ink,LaserPro 85A black toner cartridge,140,170.90,23926.00,1914.08,25840.08,3,,Rozita binti Mohd Ariff,Received
PO-2025-0051,2025-03-30,Procurement,Daniel Wong Kah Leong,V003,Tintaria Imaging Supplies Sdn Bhd,Stock: Toner and Ink,LaserPro 26X black toner cartridge,73,236.98,17299.54,1383.96,18683.50,3,,Rozita binti Mohd Ariff,Received
PO-2025-0052,2025-03-31,Sales,Kenneth Ho,V015,Cetak Pelangi Kenanga Sdn Bhd,Marketing and Printing,"Name cards, box of 200",6,40.24,241.44,19.32,260.76,1,,Joanne Lee Pei Shan,Received
PO-2025-0053,2025-04-01,Procurement,Aina Sofea binti Rashid,V004,Alat Tulis Cendana Sdn Bhd,Stock: Stationery,"Ballpoint pens, box of 50",320,28.46,9107.20,728.58,9835.78,4,,Rozita binti Mohd Ariff,Received
PO-2025-0054,2025-04-01,Sales,Kenneth Ho,V004,Alat Tulis Cendana Sdn Bhd,Office Supplies,Sales team stationery,1,279.44,279.44,22.36,301.80,1,,Joanne Lee Pei Shan,Cancelled
PO-2025-0055,2025-04-07,IT,Arif bin Mansor,V008,Imbas Teraju Systems Sdn Bhd,IT Equipment,Handheld barcode scanner,2,1507.05,3014.10,241.13,3255.23,1,,Tan Boon Hock,Received
PO-2025-0056,2025-04-09,Admin,Norhayati binti Salleh,V011,Bersih Kemboja Services Sdn Bhd,Facilities and Cleaning,Cleaning supplies,1,1109.24,1109.24,88.74,1197.98,1,,Salmah binti Idris,Received
PO-2025-0057,2025-04-14,Procurement,Aina Sofea binti Rashid,V001,Kertas Lestari Sdn Bhd,Stock: Paper,"A4 copier paper, 80 gsm (ream)",1360,11.78,16020.80,1281.66,17302.46,3,,Rozita binti Mohd Ariff,Received
PO-2025-0058,2025-04-17,Procurement,Daniel Wong Kah Leong,V002,Pualam Paper Merchants Sdn Bhd,Stock: Paper,"A4 copier paper, 80 gsm (ream)",1290,11.61,14976.90,1198.15,16175.05,3,,Rozita binti Mohd Ariff,Received
PO-2025-0059,2025-04-17,Admin,Norhayati binti Salleh,V005,Duduk Selesa Furnishings Sdn Bhd,Office Furniture,Replacement office chair,2,374.62,749.24,59.94,809.18,1,,Salmah binti Idris,Received
PO-2025-0060,2025-04-18,IT,Arif bin Mansor,V009,Kodbar Nusa Technology Sdn Bhd,IT Equipment,Thermal label printer,2,2086.25,4172.50,333.80,4506.30,1,,Tan Boon Hock,Received
PO-2025-0061,2025-04-28,Procurement,Daniel Wong Kah Leong,V003,Tintaria Imaging Supplies Sdn Bhd,Stock: Toner and Ink,LaserPro 26X black toner cartridge,83,241.36,20032.88,1602.63,21635.51,4,,Rozita binti Mohd Ariff,Received
PO-2025-0062,2025-04-28,Admin,Norhayati binti Salleh,V010,Kilau Embun Facility Services Sdn Bhd,Facilities and Cleaning,"Office cleaning services, monthly fee, April 2025",1,3650.00,3650.00,292.00,3942.00,0,CT-2025-002,Salmah binti Idris,Received
PO-2025-0063,2025-04-28,Warehouse,Zulhilmi bin Hashim,V014,Kilat Merbok Express Sdn Bhd,Logistics and Courier,"Courier charges, monthly statement, April 2025",1,2027.24,2027.24,162.18,2189.42,0,CT-2025-004,Ganesh a/l Muniandy,Received
PO-2025-0064,2025-04-30,Admin,Norhayati binti Salleh,V004,Alat Tulis Cendana Sdn Bhd,Office Supplies,Office stationery for head office,1,438.00,438.00,35.04,473.04,1,,Salmah binti Idris,Received
PO-2025-0065,2025-04-30,Procurement,Aina Sofea binti Rashid,V005,Duduk Selesa Furnishings Sdn Bhd,Stock: Furniture,Ergonomic mesh chair,70,367.49,25724.30,2057.94,27782.24,3,,Rozita binti Mohd Ariff,Received
PO-2025-0066,2025-05-02,Marketing,Chloe Tan Xin Yi,V015,Cetak Pelangi Kenanga Sdn Bhd,Marketing and Printing,Brochures and banners,1,1723.38,1723.38,137.87,1861.25,1,,Farah Nadiah binti Zulkifli,Received
PO-2025-0067,2025-05-04,Finance,Lee Hui Min,V002,Pualam Paper Merchants Sdn Bhd,Office Supplies,"Continuous computer forms, box",4,79.05,316.20,25.30,341.50,1,,Hafiz bin Kamarudin,Received
PO-2025-0068,2025-05-04,Procurement,Aina Sofea binti Rashid,V003,Tintaria Imaging Supplies Sdn Bhd,Stock: Toner and Ink,LaserPro 85A black toner cartridge,88,180.70,15901.60,1272.13,17173.73,4,,Rozita binti Mohd Ariff,Received
PO-2025-0069,2025-05-04,Procurement,Daniel Wong Kah Leong,V004,Alat Tulis Cendana Sdn Bhd,Stock: Stationery,"Ballpoint pens, box of 50",330,29.36,9688.80,775.10,10463.90,3,,Rozita binti Mohd Ariff,Received
PO-2025-0070,2025-05-06,Procurement,Aina Sofea binti Rashid,V001,Kertas Lestari Sdn Bhd,Stock: Paper,"A4 copier paper, 80 gsm (ream)",910,11.30,10283.00,822.64,11105.64,3,,Rozita binti Mohd Ariff,Received
PO-2025-0071,2025-05-07,Procurement,Daniel Wong Kah Leong,V004,Alat Tulis Cendana Sdn Bhd,Stock: Stationery,"Lever arch files, carton of 50",87,131.99,11483.13,918.65,12401.78,3,,Rozita binti Mohd Ariff,Received
PO-2025-0072,2025-05-12,Procurement,Aina Sofea binti Rashid,V002,Pualam Paper Merchants Sdn Bhd,Stock: Paper,"A4 copier paper, 80 gsm (ream)",980,11.44,11211.20,896.90,12108.10,3,,Rozita binti Mohd Ariff,Received
PO-2025-0073,2025-05-14,Admin,Norhayati binti Salleh,V011,Bersih Kemboja Services Sdn Bhd,Facilities and Cleaning,Cleaning supplies,1,1056.75,1056.75,84.54,1141.29,1,,Salmah binti Idris,Received
PO-2025-0074,2025-05-16,IT,Arif bin Mansor,V008,Imbas Teraju Systems Sdn Bhd,IT Equipment,Handheld barcode scanner,1,1507.26,1507.26,120.58,1627.84,1,,Tan Boon Hock,Received
PO-2025-0075,2025-05-18,Warehouse,Muthu a/l Krishnan,V013,Rangka Waja Ironworks Sdn Bhd,Warehouse Equipment,Shelving spare parts and beams,1,2328.91,2328.91,186.31,2515.22,1,,Ganesh a/l Muniandy,Received
PO-2025-0076,2025-05-23,Procurement,Daniel Wong Kah Leong,V003,Tintaria Imaging Supplies Sdn Bhd,Stock: Toner and Ink,LaserPro 26X black toner cartridge,100,234.37,23437.00,1874.96,25311.96,4,,Rozita binti Mohd Ariff,Received
PO-2025-0077,2025-05-24,Procurement,Daniel Wong Kah Leong,V002,Pualam Paper Merchants Sdn Bhd,Stock: Paper,"A3 copier paper, 80 gsm (ream)",480,22.56,10828.80,866.30,11695.10,3,,Rozita binti Mohd Ariff,Received
PO-2025-0078,2025-05-27,Warehouse,Muthu a/l Krishnan,V012,Rakmas Storage Solutions Sdn Bhd,Warehouse Equipment,Pallet trolley,6,580.72,3484.32,278.75,3763.07,1,,Ganesh a/l Muniandy,Received
PO-2025-0079,2025-05-28,Admin,Norhayati binti Salleh,V005,Duduk Selesa Furnishings Sdn Bhd,Office Furniture,Replacement office chair,2,361.33,722.66,57.81,780.47,1,,Salmah binti Idris,Received
PO-2025-0080,2025-05-28,Admin,Norhayati binti Salleh,V010,Kilau Embun Facility Services Sdn Bhd,Facilities and Cleaning,"Office cleaning services, monthly fee, May 2025",1,3650.00,3650.00,292.00,3942.00,0,CT-2025-002,Salmah binti Idris,Received
PO-2025-0081,2025-05-28,Warehouse,Zulhilmi bin Hashim,V014,Kilat Merbok Express Sdn Bhd,Logistics and Courier,"Courier charges, monthly statement, May 2025",1,2212.11,2212.11,176.97,2389.08,0,CT-2025-004,Ganesh a/l Muniandy,Received
PO-2025-0082,2025-05-31,Sales,Nur Syafiqah binti Azmi,V004,Alat Tulis Cendana Sdn Bhd,Office Supplies,Sales team stationery,1,297.28,297.28,23.78,321.06,1,,Joanne Lee Pei Shan,Received
PO-2025-0083,2025-05-31,Procurement,Daniel Wong Kah Leong,V006,Kerusi Nadira Trading,Stock: Furniture,Ergonomic mesh chair,65,328.32,21340.80,1707.26,23048.06,3,,Rozita binti Mohd Ariff,Received
PO-2025-0084,2025-06-01,Procurement,Aina Sofea binti Rashid,V001,Kertas Lestari Sdn. Bhd.,Stock: Paper,"A4 copier paper, 80 gsm (ream)",1470,11.17,16419.90,1313.59,17733.49,4,,Rozita binti Mohd Ariff,Received
PO-2025-0085,2025-06-05,Procurement,Aina Sofea binti Rashid,V003,Tintaria Imaging Supplies Sdn Bhd,Stock: Toner and Ink,LaserPro 85A black toner cartridge,120,168.32,20198.40,1615.87,21814.27,3,,Rozita binti Mohd Ariff,Received
PO-2025-0086,2025-06-06,Procurement,Daniel Wong Kah Leong,V002,Pualam Paper Merchants Sdn Bhd,Stock: Paper,"A4 copier paper, 80 gsm (ream)",630,11.84,7459.20,596.74,8055.94,4,,Rozita binti Mohd Ariff,Received
PO-2025-0087,2025-06-09,Procurement,Aina Sofea binti Rashid,V004,Alat Tulis Cendana Sdn Bhd,Stock: Stationery,"Ballpoint pens, box of 50",280,27.87,7803.60,624.29,8427.89,3,,Rozita binti Mohd Ariff,Received
PO-2025-0088,2025-06-09,Admin,Norhayati binti Salleh,V004,Alat Tulis Cendana Sdn Bhd,Office Supplies,Office stationery for head office,1,672.90,672.90,53.83,726.73,1,,Salmah binti Idris,Received
PO-2025-0089,2025-06-09,Warehouse,Muthu a/l Krishnan,V013,Rangka Waja Ironworks Sdn Bhd,Warehouse Equipment,"Selective pallet racking, 12 bays",12,1480.00,17760.00,1420.80,19180.80,3,,Rozita binti Mohd Ariff,Received
PO-2025-0090,2025-06-13,Procurement,Daniel Wong Kah Leong,V007,Ergoluma Seating Sdn Bhd,Stock: Furniture,Executive office desk 1.6 m,28,560.67,15698.76,1255.90,16954.66,4,,Rozita binti Mohd Ariff,Received
PO-2025-0091,2025-06-14,Procurement,Daniel Wong Kah Leong,V003,Tintaria Imaging Supplies Sdn Bhd,Stock: Toner and Ink,LaserPro 26X black toner cartridge,67,234.14,15687.38,1254.99,16942.37,3,,Rozita binti Mohd Ariff,Received
PO-2025-0092,2025-06-18,Sales,Kenneth Ho,V015,Cetak Pelangi Kenanga Sdn Bhd,Marketing and Printing,"Name cards, box of 200",11,42.95,472.45,37.80,510.25,1,,Joanne Lee Pei Shan,Received
PO-2025-0093,2025-06-19,Finance,Lee Hui Min,V002,Pualam Paper Merchants Sdn Bhd,Office Supplies,"Continuous computer forms, box",6,84.50,507.00,40.56,547.56,1,,Hafiz bin Kamarudin,Received
PO-2025-0094,2025-06-19,Procurement,Daniel Wong Kah Leong,V004,Alat Tulis Cendana Sdn Bhd,Stock: Stationery,"Lever arch files, carton of 50",50,127.45,6372.50,509.80,6882.30,3,,Rozita binti Mohd Ariff,Received
PO-2025-0095,2025-06-19,Marketing,Chloe Tan Xin Yi,V015,Cetak Pelangi Kenanga Sdn Bhd,Marketing and Printing,Brochures and banners,1,2811.09,2811.09,224.89,3035.98,1,,Farah Nadiah binti Zulkifli,Received
PO-2025-0096,2025-06-22,Procurement,Daniel Wong Kah Leong,V001,Kertas Lestari Sdn Bhd,Stock: Paper,"A4 copier paper, 80 gsm (ream)",890,11.34,10092.60,807.41,10900.01,3,,Rozita binti Mohd Ariff,Received
PO-2025-0097,2025-06-23,IT,Arif bin Mansor,V009,Kodbar Nusa Technology Sdn Bhd,IT Equipment,Thermal label printer,2,1919.15,3838.30,307.06,4145.36,1,,Tan Boon Hock,Received
PO-2025-0098,2025-06-28,Procurement,Aina Sofea binti Rashid,V005,Duduk Selesa Furnishings Sdn Bhd,Stock: Furniture,Ergonomic mesh chair,77,364.14,28038.78,2243.10,30281.88,3,,Rozita binti Mohd Ariff,Received
PO-2025-0099,2025-06-28,Admin,Norhayati binti Salleh,V010,Kilau Embun Facility Services Sdn Bhd,Facilities and Cleaning,"Office cleaning services, monthly fee, June 2025",1,3650.00,3650.00,292.00,3942.00,0,CT-2025-002,Salmah binti Idris,Received
PO-2025-0100,2025-06-28,Warehouse,Zulhilmi bin Hashim,V014,Kilat Merbok Express Sdn Bhd,Logistics and Courier,"Courier charges, monthly statement, June 2025",1,2335.86,2335.86,186.87,2522.73,0,CT-2025-004,Ganesh a/l Muniandy,Received
PO-2025-0101,2025-06-29,Admin,Norhayati binti Salleh,V011,Bersih Kemboja Services Sdn Bhd,Facilities and Cleaning,Cleaning supplies,1,997.84,997.84,79.83,1077.67,1,,Salmah binti Idris,Received
PO-2025-0102,2025-07-09,Procurement,Daniel Wong Kah Leong,V003,Tintaria Imaging Supplies Sdn Bhd,Stock: Toner and Ink,LaserPro 85A black toner cartridge,130,180.98,23527.40,1882.19,25409.59,3,,Rozita binti Mohd Ariff,Received
PO-2025-0103,2025-07-10,Procurement,Aina Sofea binti Rashid,V002,Pualam Paper Merchants Sdn Bhd,Stock: Paper,"A4 copier paper, 80 gsm (ream)",1180,11.61,13699.80,1095.98,14795.78,4,,Rozita binti Mohd Ariff,Received
PO-2025-0104,2025-07-12,Procurement,Aina Sofea binti Rashid,V003,Tintaria Imaging Supplies Sdn Bhd,Stock: Toner and Ink,LaserPro 26X black toner cartridge,42,228.30,9588.60,767.09,10355.69,3,,Rozita binti Mohd Ariff,Received
PO-2025-0105,2025-07-12,Procurement,Aina Sofea binti Rashid,V004,Alat Tulis Cendana Sdn Bhd,Stock: Stationery,"Ballpoint pens, box of 50",330,28.23,9315.90,745.27,10061.17,3,,Rozita binti Mohd Ariff,Received
PO-2025-0106,2025-07-12,Sales,Nur Syafiqah binti Azmi,V004,Alat Tulis Cendana Sdn Bhd,Office Supplies,Sales team stationery,1,444.24,444.24,35.54,479.78,1,,Joanne Lee Pei Shan,Received
PO-2025-0107,2025-07-15,Procurement,Aina Sofea binti Rashid,V001,Kertas Lestari Sdn Bhd,Stock: Paper,"A4 copier paper, 80 gsm (ream)",1260,11.44,14414.40,1153.15,15567.55,3,,Rozita binti Mohd Ariff,Received
PO-2025-0108,2025-07-16,Warehouse,Muthu a/l Krishnan,V012,Rakmas Storage Solutions Sdn Bhd,Warehouse Equipment,Pallet trolley,3,564.23,1692.69,135.42,1828.11,1,,Ganesh a/l Muniandy,Received
PO-2025-0109,2025-07-22,Admin,Norhayati binti Salleh,V005,Duduk Selesa Furnishings Sdn Bhd,Office Furniture,Replacement office chair,5,374.90,1874.50,149.96,2024.46,1,,Salmah binti Idris,Received
PO-2025-0110,2025-07-27,Admin,Norhayati binti Salleh,V004,Alat Tulis Cendana Sdn Bhd,Office Supplies,Office stationery for head office,1,616.45,616.45,49.32,665.77,1,,Salmah binti Idris,Received
PO-2025-0111,2025-07-28,Procurement,Aina Sofea binti Rashid,V002,Pualam Paper Merchants Sdn Bhd,Stock: Paper,"A3 copier paper, 80 gsm (ream)",340,23.85,8109.00,648.72,8757.72,4,,Rozita binti Mohd Ariff,Received
PO-2025-0112,2025-07-28,Admin,Norhayati binti Salleh,V010,Kilau Embun Facility Services Sdn Bhd,Facilities and Cleaning,"Office cleaning services, monthly fee, July 2025",1,3650.00,3650.00,292.00,3942.00,0,CT-2025-002,Salmah binti Idris,Received
PO-2025-0113,2025-07-28,Warehouse,Zulhilmi bin Hashim,V014,Kilat Merbok Express Sdn Bhd,Logistics and Courier,"Courier charges, monthly statement, July 2025",1,2190.82,2190.82,175.27,2366.09,0,CT-2025-004,Ganesh a/l Muniandy,Received
PO-2025-0114,2025-07-31,Warehouse,Muthu a/l Krishnan,V013,Rangka Waja Ironworks Sdn Bhd,Warehouse Equipment,Shelving spare parts and beams,1,2028.00,2028.00,162.24,2190.24,1,,Ganesh a/l Muniandy,Received
PO-2025-0115,2025-08-01,Finance,Lee Hui Min,V002,Pualam Paper Merchants Sdn Bhd,Office Supplies,"Continuous computer forms, box",8,80.33,642.64,51.41,694.05,1,,Hafiz bin Kamarudin,Received
PO-2025-0116,2025-08-01,Procurement,Daniel Wong Kah Leong,V003,Tintaria Imaging Supplies Sdn Bhd,Stock: Toner and Ink,LaserPro 26X black toner cartridge,87,231.58,20147.46,1611.80,21759.26,4,,Rozita binti Mohd Ariff,Received
PO-2025-0117,2025-08-01,IT,Arif bin Mansor,V008,Imbas Teraju Systems Sdn Bhd,IT Equipment,Handheld barcode scanner,1,1437.97,1437.97,115.04,1553.01,1,,Tan Boon Hock,Received
PO-2025-0118,2025-08-02,Procurement,Daniel Wong Kah Leong,V004,Alat Tulis Cendana Sdn Bhd,Stock: Stationery,"Lever arch files, carton of 50",55,126.75,6971.25,557.70,7528.95,4,,Rozita binti Mohd Ariff,Received
PO-2025-0119,2025-08-04,Sales,Kenneth Ho,V015,Cetak Pelangi Kenanga Sdn Bhd,Marketing and Printing,"Name cards, box of 200",4,43.44,173.76,13.90,187.66,1,,Joanne Lee Pei Shan,Received
PO-2025-0120,2025-08-06,Procurement,Daniel Wong Kah Leong,V002,Pualam Paper Merchants Sdn Bhd,Stock: Paper,"A4 copier paper, 80 gsm (ream)",870,11.27,9804.90,784.39,10589.29,3,,Rozita binti Mohd Ariff,Received
PO-2025-0121,2025-08-08,Procurement,Daniel Wong Kah Leong,V001,Kertas Lestari Sdn Bhd,Stock: Paper,"A4 copier paper, 80 gsm (ream)",1100,11.49,12639.00,1011.12,13650.12,4,,Rozita binti Mohd Ariff,Received
PO-2025-0122,2025-08-09,Procurement,Aina Sofea binti Rashid,V006,Kerusi Nadira Trading,Stock: Furniture,Ergonomic mesh chair,46,338.39,15565.94,1245.28,16811.22,4,,Rozita binti Mohd Ariff,Received
PO-2025-0123,2025-08-12,Procurement,Daniel Wong Kah Leong,V003,Tintaria Imaging Supplies Sdn Bhd,Stock: Toner and Ink,LaserPro 85A black toner cartridge,82,180.73,14819.86,1185.59,16005.45,3,,Rozita binti Mohd Ariff,Received
PO-2025-0124,2025-08-12,Admin,Norhayati binti Salleh,V011,Bersih Kemboja Services Sdn Bhd,Facilities and Cleaning,Cleaning supplies,1,903.29,903.29,72.26,975.55,1,,Salmah binti Idris,Received
PO-2025-0125,2025-08-16,Procurement,Daniel Wong Kah Leong,V004,Alat Tulis Cendana Sdn Bhd,Stock: Stationery,"Ballpoint pens, box of 50",320,27.69,8860.80,708.86,9569.66,3,,Rozita binti Mohd Ariff,Received
PO-2025-0126,2025-08-21,Marketing,Chloe Tan Xin Yi,V015,Cetak Pelangi Kenanga Sdn Bhd,Marketing and Printing,Brochures and banners,1,3222.60,3222.60,257.81,3480.41,1,,Farah Nadiah binti Zulkifli,Received
PO-2025-0127,2025-08-23,Procurement,Aina Sofea binti Rashid,V005,Duduk Selesa Furnishings Sdn Bhd,Stock: Furniture,Ergonomic mesh chair,43,361.17,15530.31,1242.42,16772.73,3,,Rozita binti Mohd Ariff,Received
PO-2025-0128,2025-08-25,Procurement,Aina Sofea binti Rashid,V001,KERTAS LESTARI SDN BHD,Stock: Paper,"A4 copier paper, 80 gsm (ream)",1120,11.48,12857.60,1028.61,13886.21,4,,Rozita binti Mohd Ariff,Received
PO-2025-0129,2025-08-28,Admin,Norhayati binti Salleh,V010,Kilau Embun Facility Services Sdn Bhd,Facilities and Cleaning,"Office cleaning services, monthly fee, August 2025",1,3650.00,3650.00,292.00,3942.00,0,CT-2025-002,Salmah binti Idris,Received
PO-2025-0130,2025-08-28,Warehouse,Zulhilmi bin Hashim,V014,Kilat Merbok Express Sdn Bhd,Logistics and Courier,"Courier charges, monthly statement, August 2025",1,2171.11,2171.11,173.69,2344.80,0,CT-2025-004,Ganesh a/l Muniandy,Received
PO-2025-0131,2025-08-29,Procurement,Aina Sofea binti Rashid,V003,Tintaria Imaging Supplies Sdn Bhd,Stock: Toner and Ink,LaserPro 26X black toner cartridge,94,239.65,22527.10,1802.17,24329.27,3,,Rozita binti Mohd Ariff,Received
PO-2025-0132,2025-08-30,Warehouse,Muthu a/l Krishnan,V012,Rakmas Storage Solutions Sdn Bhd,Warehouse Equipment,Pallet trolley,5,573.76,2868.80,229.50,3098.30,1,,Ganesh a/l Muniandy,Received
PO-2025-0133,2025-08-31,Procurement,Aina Sofea binti Rashid,V007,Ergoluma Seating Sdn Bhd,Stock: Furniture,Executive office desk 1.6 m,23,577.29,13277.67,1062.21,14339.88,3,,Rozita binti Mohd Ariff,Received
PO-2025-0134,2025-08-31,IT,Arif bin Mansor,V009,Kodbar Nusa Technology Sdn Bhd,IT Equipment,Thermal label printer,2,1976.27,3952.54,316.20,4268.74,1,,Tan Boon Hock,Received
PO-2025-0135,2025-09-01,Procurement,Daniel Wong Kah Leong,V002,Pualam Paper Merchants Sdn Bhd,Stock: Paper,"A4 copier paper, 80 gsm (ream)",600,12.00,7200.00,576.00,7776.00,4,,Rozita binti Mohd Ariff,Received
PO-2025-0136,2025-09-11,Procurement,Daniel Wong Kah Leong,V004,Alat Tulis Cendana Sdn Bhd,Stock: Stationery,"Ballpoint pens, box of 50",350,30.25,10587.50,847.00,11434.50,4,,Rozita binti Mohd Ariff,Received
PO-2025-0137,2025-09-16,Procurement,Aina Sofea binti Rashid,V004,Alat Tulis Cendana Sdn Bhd,Stock: Stationery,"Lever arch files, carton of 50",73,131.35,9588.55,767.08,10355.63,3,,Rozita binti Mohd Ariff,Received
PO-2025-0138,2025-09-17,Procurement,Aina Sofea binti Rashid,V003,Tintaria Imaging Supplies Sdn Bhd,Stock: Toner and Ink,LaserPro 85A black toner cartridge,92,177.55,16334.60,1306.77,17641.37,4,,Rozita binti Mohd Ariff,Received
PO-2025-0139,2025-09-18,Procurement,Daniel Wong Kah Leong,V001,Kertas Lestari Sdn Bhd,Stock: Paper,"A4 copier paper, 80 gsm (ream)",1390,11.35,15776.50,1262.12,17038.62,3,,Rozita binti Mohd Ariff,Received
PO-2025-0140,2025-09-22,Marketing,Chloe Tan Xin Yi,V015,Cetak Pelangi Kenanga Sdn Bhd,Marketing and Printing,"Product catalogue 2025/26, 2,500 copies",2500,3.95,9875.00,790.00,10665.00,3,,Rozita binti Mohd Ariff,Received
PO-2025-0141,2025-09-23,Finance,Lee Hui Min,V002,Pualam Paper Merchants Sdn Bhd,Office Supplies,"Continuous computer forms, box",6,80.93,485.58,38.85,524.43,1,,Hafiz bin Kamarudin,Received
PO-2025-0142,2025-09-24,Admin,Norhayati binti Salleh,V004,Alat Tulis Cendana Sdn Bhd,Office Supplies,Office stationery for head office,1,352.36,352.36,28.19,380.55,1,,Salmah binti Idris,Received
PO-2025-0143,2025-09-25,Procurement,Daniel Wong Kah Leong,V003,Tintaria Imaging Supplies Sdn Bhd,Stock: Toner and Ink,LaserPro 26X black toner cartridge,68,242.58,16495.44,1319.64,17815.08,3,,Rozita binti Mohd Ariff,Received
PO-2025-0144,2025-09-25,Admin,Norhayati binti Salleh,V011,Bersih Kemboja Services Sdn Bhd,Facilities and Cleaning,Cleaning supplies,1,944.79,944.79,75.58,1020.37,1,,Salmah binti Idris,Received
PO-2025-0145,2025-09-27,Procurement,Aina Sofea binti Rashid,V002,Pualam Paper Merchants Sdn Bhd,Stock: Paper,"A4 copier paper, 80 gsm (ream)",1240,11.91,14768.40,1181.47,15949.87,3,,Rozita binti Mohd Ariff,Received
PO-2025-0146,2025-09-27,Sales,Kenneth Ho,V004,Alat Tulis Cendana Sdn Bhd,Office Supplies,Sales team stationery,1,358.36,358.36,28.67,387.03,1,,Joanne Lee Pei Shan,Received
PO-2025-0147,2025-09-27,Admin,Norhayati binti Salleh,V005,Duduk Selesa Furnishings Sdn Bhd,Office Furniture,Replacement office chair,4,373.59,1494.36,119.55,1613.91,1,,Salmah binti Idris,Received
PO-2025-0148,2025-09-28,Admin,Norhayati binti Salleh,V010,Kilau Embun Facility Services Sdn Bhd,Facilities and Cleaning,"Office cleaning services, monthly fee, September 2025",1,3650.00,3650.00,292.00,3942.00,0,CT-2025-002,Salmah binti Idris,Received
PO-2025-0149,2025-09-28,Warehouse,Zulhilmi bin Hashim,V014,Kilat Merbok Express Sdn Bhd,Logistics and Courier,"Courier charges, monthly statement, September 2025",1,2447.82,2447.82,195.83,2643.65,0,CT-2025-004,Ganesh a/l Muniandy,Received
PO-2025-0150,2025-09-29,IT,Arif bin Mansor,V008,Imbas Teraju Systems Sdn Bhd,IT Equipment,Handheld barcode scanner,1,1452.35,1452.35,116.19,1568.54,1,,Tan Boon Hock,Received
PO-2025-0151,2025-09-30,Warehouse,Muthu a/l Krishnan,V013,Rangka Waja Ironworks Sdn Bhd,Warehouse Equipment,Shelving spare parts and beams,1,1293.85,1293.85,103.51,1397.36,1,,Ganesh a/l Muniandy,Received
PO-2025-0152,2025-10-01,Procurement,Daniel Wong Kah Leong,V002,Pualam Paper Merchants Sdn Bhd,Stock: Paper,"A3 copier paper, 80 gsm (ream)",460,23.29,10713.40,857.07,11570.47,3,,Rozita binti Mohd Ariff,Received
PO-2025-0153,2025-10-04,,Kenneth Ho,V015,Cetak Pelangi Kenanga Sdn Bhd,Marketing and Printing,"Name cards, box of 200",5,42.02,210.10,16.81,226.91,1,,Joanne Lee Pei Shan,Received
PO-2025-0154,2025-10-09,Procurement,Daniel Wong Kah Leong,V004,Alat Tulis Cendana Sdn Bhd,Stock: Stationery,"Ballpoint pens, box of 50",200,28.36,5672.00,453.76,6125.76,3,,Rozita binti Mohd Ariff,Received
PO-2025-0155,2025-10-11,IT,Arif bin Mansor,V009,Kodbar Nusa Technology Sdn Bhd,IT Equipment,Thermal label printer,2,1923.22,3846.44,307.72,4154.16,1,,Tan Boon Hock,Received
PO-2025-0156,2025-10-12,Procurement,Daniel Wong Kah Leong,V001,Kertas Lestari Sdn Bhd,Stock: Paper,"A4 copier paper, 80 gsm (ream)",1050,11.52,12096.00,967.68,13063.68,3,,Rozita binti Mohd Ariff,Received
PO-2025-0157,2025-10-17,Procurement,Aina Sofea binti Rashid,V006,Kerusi Nadira Trading,Stock: Furniture,Ergonomic mesh chair,74,340.11,25168.14,2013.45,27181.59,4,,Rozita binti Mohd Ariff,Received
PO-2025-0158,2025-10-18,Procurement,Daniel Wong Kah Leong,V003,Tintaria Imaging Supplies Sdn Bhd,Stock: Toner and Ink,LaserPro 85A black toner cartridge,130,169.41,22023.30,1761.86,23785.16,3,,Rozita binti Mohd Ariff,Received
PO-2025-0159,2025-10-22,Procurement,Daniel Wong Kah Leong,V002,Pualam Paper Merchants Sdn Bhd,Stock: Paper,"A4 copier paper, 80 gsm (ream)",890,11.55,10279.50,822.36,11101.86,4,,Rozita binti Mohd Ariff,Cancelled
PO-2025-0160,2025-10-22,Procurement,Daniel Wong Kah Leong,V005,Duduk Selesa Furnishings Sdn Bhd,Stock: Furniture,Ergonomic mesh chair,50,369.89,18494.50,1479.56,19974.06,3,,Rozita binti Mohd Ariff,Received
PO-2025-0161,2025-10-25,Procurement,Daniel Wong Kah Leong,V003,Tintaria Imaging Supplies Sdn Bhd,Stock: Toner and Ink,LaserPro 26X black toner cartridge,120,229.75,27570.00,2205.60,29775.60,4,,Rozita binti Mohd Ariff,Received
PO-2025-0162,2025-10-28,Admin,Norhayati binti Salleh,V010,Kilau Embun Facility Services Sdn Bhd,Facilities and Cleaning,"Office cleaning services, monthly fee, October 2025",1,3650.00,3650.00,292.00,3942.00,0,CT-2025-002,Salmah binti Idris,Received
PO-2025-0163,2025-10-28,Warehouse,Zulhilmi bin Hashim,V014,Kilat Merbok Express Sdn Bhd,Logistics and Courier,"Courier charges, monthly statement, October 2025",1,2165.32,2165.32,173.23,2338.55,0,CT-2025-004,Ganesh a/l Muniandy,Received
PO-2025-0164,2025-10-29,Finance,Lee Hui Min,V002,Pualam Paper Merchants Sdn Bhd,Office Supplies,"Continuous computer forms, box",9,84.34,759.06,60.72,819.78,1,,Hafiz bin Kamarudin,Received
PO-2025-0165,2025-10-30,Marketing,Chloe Tan Xin Yi,V015,Cetak Pelangi Kenanga Sdn Bhd,Marketing and Printing,Brochures and banners,1,3740.16,3740.16,299.21,4039.37,1,,Farah Nadiah binti Zulkifli,Received
PO-2025-0166,2025-11-01,Procurement,Aina Sofea binti Rashid,V001,Kertas Lestari Sdn Bhd,Stock: Paper,"A4 copier paper, 80 gsm (ream)",2300,11.55,26565.00,2125.20,28690.20,3,,Rozita binti Mohd Ariff,Received
PO-2025-0167,2025-11-03,Warehouse,Zulhilmi bin Hashim,V012,Rakmas Storage Solutions Sdn Bhd,Warehouse Equipment,"Heavy-duty pallet racking, 8 bays",8,1000.00,8000.00,640.00,8640.00,2,,Rozita binti Mohd Ariff,Received
PO-2025-0168,2025-11-04,Procurement,Daniel Wong Kah Leong,V004,Alat Tulis Cendana Sdn Bhd,Stock: Stationery,"Lever arch files, carton of 50",76,122.00,9272.00,741.76,10013.76,3,,Rozita binti Mohd Ariff,Received
PO-2025-0169,2025-11-05,Procurement,Daniel Wong Kah Leong,V004,Alat Tulis Cendana Sdn Bhd,Stock: Stationery,"Ballpoint pens, box of 50",580,27.76,16100.80,1288.06,17388.86,3,,Rozita binti Mohd Ariff,Received
PO-2025-0170,2025-11-09,Admin,Norhayati binti Salleh,V005,Duduk Selesa Furnishings Sdn Bhd,Office Furniture,Replacement office chair,2,360.40,720.80,57.66,778.46,1,,Salmah binti Idris,Received
PO-2025-0171,2025-11-10,Sales,Nur Syafiqah binti Azmi,V015,Cetak Pelangi Kenanga Sdn Bhd,Marketing and Printing,"Name cards, box of 200",7,43.12,301.84,24.15,325.99,1,,Joanne Lee Pei Shan,Received
PO-2025-0172,2025-11-13,Procurement,Daniel Wong Kah Leong,V003,Tintaria Imaging Supplies Sdn Bhd,Stock: Toner and Ink,LaserPro 26X black toner cartridge,72,229.02,16489.44,1319.16,17808.60,3,,Rozita binti Mohd Ariff,Received
PO-2025-0173,2025-11-14,Procurement,Daniel Wong Kah Leong,V007,Ergoluma Seating Sdn Bhd,Stock: Furniture,Executive office desk 1.6 m,37,608.08,22498.96,1799.92,24298.88,3,,Rozita binti Mohd Ariff,Received
PO-2025-0174,2025-11-17,Warehouse,Muthu a/l Krishnan,V012,Rakmas Storage Solutions Sdn Bhd,Warehouse Equipment,Pallet trolley,6,481.57,2889.42,231.15,3120.57,1,,Ganesh a/l Muniandy,Received
PO-2025-0175,2025-11-18,IT,Arif bin Mansor,V009,Kodbar Nusa Technology Sdn Bhd,IT Equipment,Thermal label printer,2,1926.92,3853.84,308.31,4162.15,1,,Tan Boon Hock,Received
PO-2025-0176,2025-11-19,Procurement,Daniel Wong Kah Leong,V002,Pualam Paper Merchants Sdn Bhd,Stock: Paper,"A4 copier paper, 80 gsm (ream)",1160,11.61,13467.60,1077.41,14545.01,3,,Rozita binti Mohd Ariff,Received
PO-2025-0177,2025-11-21,Procurement,Aina Sofea binti Rashid,V003,Tintaria Imaging Supplies Sdn Bhd,Stock: Toner and Ink,LaserPro 85A black toner cartridge,120,169.43,20331.60,1626.53,21958.13,3,,Rozita binti Mohd Ariff,Received
PO-2025-0178,2025-11-22,Warehouse,Zulhilmi bin Hashim,V013,Rangka Waja Ironworks Sdn Bhd,Warehouse Equipment,Shelving spare parts and beams,1,1402.60,1402.60,112.21,1514.81,1,,Ganesh a/l Muniandy,Received
PO-2025-0179,2025-11-25,Procurement,Aina Sofea binti Rashid,V001,Kertas Lestari Sdn. Bhd.,Stock: Paper,"A4 copier paper, 80 gsm (ream)",2390,10.82,25859.80,2068.78,27928.58,4,,Rozita binti Mohd Ariff,Received
PO-2025-0180,2025-11-25,Admin,Norhayati binti Salleh,V011,Bersih Kemboja Services Sdn Bhd,Facilities and Cleaning,Cleaning supplies,1,777.00,777.00,62.16,839.16,1,,Salmah binti Idris,Received
PO-2025-0181,2025-11-28,Admin,Norhayati binti Salleh,V010,Kilau Embun Facility Services Sdn Bhd,Facilities and Cleaning,"Office cleaning services, monthly fee, November 2025",1,3650.00,3650.00,292.00,3942.00,0,CT-2025-002,Salmah binti Idris,Received
PO-2025-0182,2025-11-28,Warehouse,Muthu a/l Krishnan,V014,Kilat Merbok Express Sdn Bhd,Logistics and Courier,"Courier charges, monthly statement, November 2025",1,2039.20,2039.20,163.14,2202.34,0,CT-2025-004,Ganesh a/l Muniandy,Received
PO-2025-0183,2025-12-03,Procurement,Aina Sofea binti Rashid,V002,Pualam Paper Merchants Sdn Bhd,Stock: Paper,"A3 copier paper, 80 gsm (ream)",560,23.18,12980.80,1038.46,14019.26,3,,Rozita binti Mohd Ariff,Received
PO-2025-0184,2025-12-04,Sales,Kenneth Ho,V004,Alat Tulis Cendana Sdn Bhd,Office Supplies,Sales team stationery,1,277.35,277.35,22.19,299.54,1,,Joanne Lee Pei Shan,Received
PO-2025-0185,2025-12-07,Procurement,Daniel Wong Kah Leong,V003,Tintaria Imaging Supplies Sdn Bhd,Stock: Toner and Ink,LaserPro 26X black toner cartridge,110,236.71,26038.10,2083.05,28121.15,3,,Rozita binti Mohd Ariff,Received
PO-2025-0186,2025-12-11,Procurement,Daniel Wong Kah Leong,V004,Alat Tulis Cendana Sdn Bhd,Stock: Stationery,"Ballpoint pens, box of 50",520,29.58,15381.60,1230.53,16612.13,3,,Rozita binti Mohd Ariff,Received
PO-2025-0187,2025-12-11,Admin,Norhayati binti Salleh,V004,Alat Tulis Cendana Sdn Bhd,Office Supplies,Office stationery for head office,1,413.77,413.77,33.10,446.87,1,,Salmah binti Idris,Cancelled
PO-2025-0188,2025-12-11,IT,Arif bin Mansor,V008,Imbas Teraju Systems Sdn Bhd,IT Equipment,Handheld barcode scanner,1,1559.37,1559.37,124.75,1684.12,1,,Tan Boon Hock,Received
PO-2025-0189,2025-12-15,Procurement,Daniel Wong Kah Leong,V002,Pualam Paper Merchants Sdn Bhd,Stock: Paper,"A4 copier paper, 80 gsm (ream)",1460,11.68,17052.80,1364.22,18417.02,3,,Rozita binti Mohd Ariff,Received
PO-2025-0190,2025-12-19,Procurement,Daniel Wong Kah Leong,V001,Kertas Lestari Sdn Bhd,Stock: Paper,"A4 copier paper, 80 gsm (ream)",2230,10.91,24329.30,1946.34,26275.64,3,,Rozita binti Mohd Ariff,Received
PO-2025-0191,2025-12-19,Sales,Nur Syafiqah binti Azmi,V015,Cetak Pelangi Kenanga Sdn Bhd,Marketing and Printing,"Name cards, box of 200",14,38.77,542.78,43.42,586.20,1,,Joanne Lee Pei Shan,Received
PO-2025-0192,2025-12-20,Procurement,Daniel Wong Kah Leong,V005,Duduk Selesa Furnishings Sdn Bhd,Stock: Furniture,Ergonomic mesh chair,63,365.65,23035.95,1842.88,24878.83,3,,Rozita binti Mohd Ariff,Received
PO-2025-0192,2025-12-20,Procurement,Daniel Wong Kah Leong,V005,Duduk Selesa Furnishings Sdn Bhd,Stock: Furniture,Ergonomic mesh chair,63,365.65,23035.95,1842.88,24878.83,3,,Rozita binti Mohd Ariff,Received
PO-2025-0193,2025-12-21,Procurement,Daniel Wong Kah Leong,V004,Alat Tulis Cendana Sdn Bhd,Stock: Stationery,"Lever arch files, carton of 50",76,119.16,9056.16,724.49,9780.65,3,,Rozita binti Mohd Ariff,Received
PO-2025-0194,2025-12-21,Admin,Norhayati binti Salleh,V005,Duduk Selesa Furnishings Sdn Bhd,Office Furniture,Replacement office chair,5,371.22,1856.10,148.49,2004.59,1,,Salmah binti Idris,Received
PO-2025-0195,2025-12-22,Procurement,Daniel Wong Kah Leong,V006,Kerusi Nadira Trading,Stock: Furniture,Ergonomic mesh chair,53,330.95,17540.35,1403.23,18943.58,4,,Rozita binti Mohd Ariff,Received
PO-2025-0196,2025-12-25,Procurement,Daniel Wong Kah Leong,V003,Tintaria Imaging Supplies Sdn Bhd,Stock: Toner and Ink,LaserPro 85A black toner cartridge,110,174.85,19233.50,1538.68,20772.18,3,,Rozita binti Mohd Ariff,Received
PO-2025-0197,2025-12-28,IT,Arif bin Mansor,V009,Kodbar Nusa Technology Sdn Bhd,IT Equipment,Thermal label printer,2,1877.72,3755.44,300.44,4055.88,1,,Tan Boon Hock,Received
PO-2025-0198,2025-12-28,Admin,Norhayati binti Salleh,V010,Kilau Embun Facility Services Sdn Bhd,Facilities and Cleaning,"Office cleaning services, monthly fee, December 2025",1,3650.00,3650.00,292.00,3942.00,0,CT-2025-002,Salmah binti Idris,Received
PO-2025-0199,2025-12-28,Warehouse,Muthu a/l Krishnan,V014,Kilat Merbok Express Sdn Bhd,Logistics and Courier,"Courier charges, monthly statement, December 2025",1,2291.52,2291.52,183.32,2474.84,0,CT-2025-004,Ganesh a/l Muniandy,Received
PO-2025-0200,2025-12-28,Marketing,Chloe Tan Xin Yi,V015,Cetak Pelangi Kenanga Sdn Bhd,Marketing and Printing,Brochures and banners,1,1905.63,1905.63,152.45,2058.08,1,,Farah Nadiah binti Zulkifli,Received
PO-2025-0201,2025-12-30,Finance,Lee Hui Min,V002,Pualam Paper Merchants Sdn Bhd,Office Supplies,"Continuous computer forms, box",9,81.94,737.46,59.00,796.46,1,,Hafiz bin Kamarudin,Received
PO-2025-0202,2025-12-30,Procurement,Daniel Wong Kah Leong,V003,Tintaria Imaging Supplies Sdn Bhd,Stock: Toner and Ink,LaserPro 26X black toner cartridge,110,237.97,26176.70,2094.14,28270.84,3,,Rozita binti Mohd Ariff,Received
PO-2026-0001,2026-01-05,Procurement,Daniel Wong Kah Leong,V001,Kertas Lestari Sdn Bhd,Stock: Paper,"A4 copier paper, 80 gsm (ream)",2160,10.95,23652.00,1892.16,25544.16,4,,Rozita binti Mohd Ariff,Received
PO-2026-0002,2026-01-09,Admin,Norhayati binti Salleh,V011,Bersih Kemboja Services Sdn Bhd,Facilities and Cleaning,Cleaning supplies,1,946.99,946.99,75.76,1022.75,1,,Salmah binti Idris,Received
PO-2026-0003,2026-01-12,IT,Arif bin Mansor,V008,Imbas Teraju Systems Sdn Bhd,IT Equipment,Mobile computer with scanner,6,2890.00,17340.00,1387.20,18727.20,3,,Rozita binti Mohd Ariff,Received
PO-2026-0004,2026-01-16,Procurement,Daniel Wong Kah Leong,V004,Alat Tulis Cendana Sdn Bhd,Stock: Stationery,"Ballpoint pens, box of 50",590,30.07,17741.30,1419.30,19160.60,4,,Rozita binti Mohd Ariff,Received
PO-2026-0005,2026-01-16,Warehouse,Muthu a/l Krishnan,V013,Rangka Waja Ironworks Sdn Bhd,Warehouse Equipment,Shelving spare parts and beams,1,848.94,848.94,67.92,916.86,1,,Ganesh a/l Muniandy,Received
PO-2026-0006,2026-01-18,Procurement,Daniel Wong Kah Leong,V002,Pualam Paper Merchants Sdn Bhd,Stock: Paper,"A4 copier paper, 80 gsm (ream)",1720,11.13,19143.60,1531.49,20675.09,3,,Rozita binti Mohd Ariff,Received
PO-2026-0007,2026-01-19,Procurement,Aina Sofea binti Rashid,V003,Tintaria Imaging Supplies Sdn Bhd,Stock: Toner and Ink,LaserPro 26X black toner cartridge,92,227.73,20951.16,1676.09,22627.25,4,,Rozita binti Mohd Ariff,Received
PO-2026-0008,2026-01-20,Warehouse,Zulhilmi bin Hashim,V012,Rakmas Storage Solutions Sdn Bhd,Warehouse Equipment,Pallet trolley,2,520.82,1041.64,83.33,1124.97,1,,Ganesh a/l Muniandy,Received
PO-2026-0009,2026-01-24,Admin,Norhayati binti Salleh,V004,Alat Tulis Cendana Sdn Bhd,Office Supplies,Office stationery for head office,1,778.77,778.77,62.30,841.07,1,,Salmah binti Idris,Received
PO-2026-0010,2026-01-25,Procurement,Daniel Wong Kah Leong,V007,Ergoluma Seating Sdn Bhd,Stock: Furniture,Executive office desk 1.6 m,28,555.50,15554.00,1244.32,16798.32,4,,Rozita binti Mohd Ariff,Received
PO-2026-0011,2026-01-26,Procurement,Aina Sofea binti Rashid,V001,Kertas Lestari Sdn Bhd,Stock: Paper,"A4 copier paper, 80 gsm (ream)",1180,10.88,12838.40,1027.07,13865.47,4,,Rozita binti Mohd Ariff,Received
PO-2026-0012,2026-01-28,Admin,Norhayati binti Salleh,V010,Kilau Embun Facility Services Sdn Bhd,Facilities and Cleaning,"Office cleaning services, monthly fee, January 2026",1,3720.00,3720.00,297.60,4017.60,0,CT-2025-002,Salmah binti Idris,Received
PO-2026-0013,2026-01-28,Warehouse,Muthu a/l Krishnan,V014,Kilat Merbok Express Sdn Bhd,Logistics and Courier,"Courier charges, monthly statement, January 2026",1,2476.70,2476.70,198.14,2674.84,0,CT-2025-004,Ganesh a/l Muniandy,Received
PO-2026-0014,2026-01-31,Procurement,Daniel Wong Kah Leong,V003,Tintaria Imaging Supplies Sdn Bhd,Stock: Toner and Ink,LaserPro 85A black toner cartridge,65,170.64,11091.60,887.33,11978.93,3,,Rozita binti Mohd Ariff,Received
PO-2026-0015,2026-02-04,Procurement,Daniel Wong Kah Leong,V002,Pualam Paper Merchants Sdn Bhd,Stock: Paper,"A3 copier paper, 80 gsm (ream)",490,23.34,11436.60,914.93,12351.53,3,,Rozita binti Mohd Ariff,Received
PO-2026-0016,2026-02-05,Sales,Nur Syafiqah binti Azmi,V004,Alat Tulis Cendana Sdn Bhd,Office Supplies,Sales team stationery,1,202.66,202.66,16.21,218.87,1,,Joanne Lee Pei Shan,Received
PO-2026-0017,2026-02-06,Procurement,Aina Sofea binti Rashid,V004,Alat Tulis Cendana Sdn Bhd,Stock: Stationery,"Lever arch files, carton of 50",60,119.48,7168.80,573.50,7742.30,3,,Rozita binti Mohd Ariff,Received
PO-2026-0018,2026-02-09,Procurement,Daniel Wong Kah Leong,V003,Tintaria Imaging Supplies Sdn Bhd,Stock: Toner and Ink,LaserPro 26X black toner cartridge,49,237.53,11638.97,931.12,12570.09,3,,Rozita binti Mohd Ariff,Received
PO-2026-0019,2026-02-09,Procurement,Daniel Wong Kah Leong,V005,Duduk Selesa Furnishings Sdn Bhd,Stock: Furniture,Ergonomic mesh chair,44,359.34,15810.96,1264.88,17075.84,3,,Rozita binti Mohd Ariff,Received
PO-2026-0020,2026-02-13,Procurement,Daniel Wong Kah Leong,V002,Pualam Paper Merchants Sdn Bhd,Stock: Paper,"A4 copier paper, 80 gsm (ream)",1210,11.91,14411.10,1152.89,15563.99,3,,Rozita binti Mohd Ariff,Received
PO-2026-0021,2026-02-15,Procurement,Daniel Wong Kah Leong,V001,KERTAS LESTARI SDN BHD,Stock: Paper,"A4 copier paper, 80 gsm (ream)",940,11.88,11167.20,893.38,12060.58,3,,Rozita binti Mohd Ariff,Received
PO-2026-0022,2026-02-17,Procurement,Aina Sofea binti Rashid,V004,Alat Tulis Cendana Sdn Bhd,Stock: Stationery,"Ballpoint pens, box of 50",210,30.62,6430.20,514.42,6944.62,3,,Rozita binti Mohd Ariff,Received
PO-2026-0023,2026-02-22,Marketing,Chloe Tan Xin Yi,V015,Cetak Pelangi Kenanga Sdn Bhd,Marketing and Printing,Brochures and banners,1,981.21,981.21,78.50,1059.71,1,,Farah Nadiah binti Zulkifli,Received
PO-2026-0024,2026-02-27,Admin,Norhayati binti Salleh,V010,Kilau Embun Facility Services Sdn Bhd,Facilities and Cleaning,"Office cleaning services, monthly fee, February 2026",1,3720.00,3720.00,297.60,4017.60,0,CT-2025-002,Salmah binti Idris,Received
PO-2026-0025,2026-02-27,Warehouse,Zulhilmi bin Hashim,V014,Kilat Merbok Express Sdn Bhd,Logistics and Courier,"Courier charges, monthly statement, February 2026",1,2121.45,2121.45,169.72,2291.17,0,CT-2025-004,Ganesh a/l Muniandy,Received
PO-2026-0026,2026-02-28,Procurement,Daniel Wong Kah Leong,V003,Tintaria Imaging Supplies Sdn Bhd,Stock: Toner and Ink,LaserPro 26X black toner cartridge,86,239.78,20621.08,1649.69,22270.77,3,,Rozita binti Mohd Ariff,Received
PO-2026-0027,2026-02-28,IT,Arif bin Mansor,V008,Imbas Teraju Systems Sdn Bhd,IT Equipment,Handheld barcode scanner,2,1532.55,3065.10,245.21,3310.31,1,,Tan Boon Hock,Received
PO-2026-0028,2026-03-03,Admin,Norhayati binti Salleh,V005,Duduk Selesa Furnishings Sdn Bhd,Office Furniture,Ergonomic chairs for meeting room,12,375.00,4500.00,360.00,4860.00,1,,Salmah binti Idris,Received
PO-2026-0029,2026-03-03,,Arif bin Mansor,V009,Kodbar Nusa Technology Sdn Bhd,IT Equipment,Thermal label printer,1,1795.45,1795.45,143.64,1939.09,1,,Tan Boon Hock,Received
PO-2026-0030,2026-03-04,Finance,Lee Hui Min,V002,Pualam Paper Merchants Sdn Bhd,Office Supplies,"Continuous computer forms, box",7,78.23,547.61,43.81,591.42,1,,Hafiz bin Kamarudin,Received
PO-2026-0031,2026-03-04,Sales,Kenneth Ho,V015,Cetak Pelangi Kenanga Sdn Bhd,Marketing and Printing,"Name cards, box of 200",5,43.61,218.05,17.44,235.49,1,,Joanne Lee Pei Shan,Received
PO-2026-0032,2026-03-05,Admin,Norhayati binti Salleh,V005,Duduk Selesa Furnishings Sdn Bhd,Office Furniture,Meeting table 2.4 m,1,4550.00,4550.00,364.00,4914.00,1,,Salmah binti Idris,Received
PO-2026-0033,2026-03-06,Procurement,Aina Sofea binti Rashid,V001,Kertas Lestari Sdn Bhd,Stock: Paper,"A4 copier paper, 80 gsm (ream)",1020,11.23,11454.60,916.37,12370.97,3,,Rozita binti Mohd Ariff,Received
PO-2026-0034,2026-03-07,Procurement,Daniel Wong Kah Leong,V003,Tintaria Imaging Supplies Sdn Bhd,Stock: Toner and Ink,LaserPro 85A black toner cartridge,58,181.99,10555.42,844.43,11399.85,3,,Rozita binti Mohd Ariff,Received
PO-2026-0035,2026-03-08,Procurement,Aina Sofea binti Rashid,V006,Kerusi Nadira Trading,Stock: Furniture,Ergonomic mesh chair,48,340.66,16351.68,1308.13,17659.81,3,,Rozita binti Mohd Ariff,Received
PO-2026-0036,2026-03-09,Admin,Norhayati binti Salleh,V005,Duduk Selesa Furnishings Sdn Bhd,Office Furniture,Visitor chairs and side tables,1,4420.00,4420.00,353.60,4773.60,1,,Salmah binti Idris,Received
PO-2026-0037,2026-03-12,Sales,Nur Syafiqah binti Azmi,V004,Alat Tulis Cendana Sdn Bhd,Office Supplies,Sales team stationery,1,315.65,315.65,25.25,340.90,1,,Joanne Lee Pei Shan,Received
PO-2026-0038,2026-03-13,Procurement,Aina Sofea binti Rashid,V002,Pualam Paper Merchants Sdn Bhd,Stock: Paper,"A4 copier paper, 80 gsm (ream)",890,11.34,10092.60,807.41,10900.01,3,,Rozita binti Mohd Ariff,Received
PO-2026-0039,2026-03-14,Procurement,Aina Sofea binti Rashid,V004,Alat Tulis Cendana Sdn Bhd,Stock: Stationery,"Ballpoint pens, box of 50",340,27.86,9472.40,757.79,10230.19,3,,Rozita binti Mohd Ariff,Received
PO-2026-0040,2026-03-18,Admin,Norhayati binti Salleh,V004,Alat Tulis Cendana Sdn Bhd,Office Supplies,Office stationery for head office,1,521.67,521.67,41.73,563.40,1,,Salmah binti Idris,Received
PO-2026-0041,2026-03-20,Procurement,Aina Sofea binti Rashid,V003,Tintaria Imaging Supplies Sdn Bhd,Stock: Toner and Ink,LaserPro 26X black toner cartridge,120,238.99,28678.80,2294.30,30973.10,3,,Rozita binti Mohd Ariff,Received
PO-2026-0042,2026-03-24,Procurement,Aina Sofea binti Rashid,V004,Alat Tulis Cendana Sdn Bhd,Stock: Stationery,"Lever arch files, carton of 50",44,119.42,5254.48,420.36,5674.84,4,,Rozita binti Mohd Ariff,Received
PO-2026-0043,2026-03-25,Warehouse,Muthu a/l Krishnan,V013,Rangka Waja Ironworks Sdn Bhd,Warehouse Equipment,Shelving spare parts and beams,1,892.93,892.93,71.43,964.36,1,,Ganesh a/l Muniandy,Received
PO-2026-0044,2026-03-28,Procurement,Aina Sofea binti Rashid,V001,Kertas Lestari Sdn Bhd,Stock: Paper,"A4 copier paper, 80 gsm (ream)",1420,10.94,15534.80,1242.78,16777.58,3,,Rozita binti Mohd Ariff,Received
PO-2026-0045,2026-03-28,Admin,Norhayati binti Salleh,V010,Kilau Embun Facility Services Sdn Bhd,Facilities and Cleaning,"Office cleaning services, monthly fee, March 2026",1,3720.00,3720.00,297.60,4017.60,0,CT-2025-002,Salmah binti Idris,Received
PO-2026-0046,2026-03-28,Warehouse,Muthu a/l Krishnan,V014,Kilat Merbok Express Sdn Bhd,Logistics and Courier,"Courier charges, monthly statement, March 2026",1,1958.53,1958.53,156.68,2115.21,0,CT-2025-004,Ganesh a/l Muniandy,Received
PO-2026-0047,2026-03-30,Admin,Norhayati binti Salleh,V011,Bersih Kemboja Services Sdn Bhd,Facilities and Cleaning,Cleaning supplies,1,434.63,434.63,34.77,469.40,1,,Salmah binti Idris,Received
PO-2026-0048,2026-03-31,Procurement,Daniel Wong Kah Leong,V005,Duduk Selesa Furnishings Sdn Bhd,Stock: Furniture,Ergonomic mesh chair,65,354.64,23051.60,1844.13,24895.73,3,,Rozita binti Mohd Ariff,Received
PO-2026-0049,2026-04-04,Procurement,Aina Sofea binti Rashid,V002,Pualam Paper Merchants Sdn Bhd,Stock: Paper,"A3 copier paper, 80 gsm (ream)",400,23.55,9420.00,753.60,10173.60,3,,Rozita binti Mohd Ariff,Received
PO-2026-0050,2026-04-06,Admin,Norhayati binti Salleh,V010,Kilau Embun Facility Services Sdn Bhd,Facilities and Cleaning,"Deep cleaning and carpet shampoo, head office",1,6200.00,6200.00,496.00,6696.00,3,,Rozita binti Mohd Ariff,Received
PO-2026-0051,2026-04-08,Procurement,Daniel Wong Kah Leong,V003,Tintaria Imaging Supplies Sdn Bhd,Stock: Toner and Ink,LaserPro 85A black toner cartridge,94,174.08,16363.52,1309.08,17672.60,3,,Rozita binti Mohd Ariff,Received
PO-2026-0052,2026-04-08,Warehouse,Zulhilmi bin Hashim,V012,Rakmas Storage Solutions Sdn Bhd,Warehouse Equipment,Pallet trolley,2,478.81,957.62,76.61,1034.23,1,,Ganesh a/l Muniandy,Received
PO-2026-0053,2026-04-13,Procurement,Daniel Wong Kah Leong,V007,Ergoluma Seating Sdn Bhd,Stock: Furniture,Executive office desk 1.6 m,31,546.33,16936.23,1354.90,18291.13,3,,Rozita binti Mohd Ariff,Received
PO-2026-0054,2026-04-14,Procurement,Aina Sofea binti Rashid,V002,Pualam Paper Merchants Sdn Bhd,Stock: Paper,"A4 copier paper, 80 gsm (ream)",700,11.58,8106.00,648.48,8754.48,3,,Rozita binti Mohd Ariff,Received
PO-2026-0055,2026-04-14,Procurement,Aina Sofea binti Rashid,V003,Tintaria Imaging Supplies Sdn Bhd,Stock: Toner and Ink,LaserPro 26X black toner cartridge,99,240.41,23800.59,1904.05,25704.64,3,,Rozita binti Mohd Ariff,Received
PO-2026-0056,2026-04-15,Procurement,Aina Sofea binti Rashid,V004,Alat Tulis Cendana Sdn Bhd,Stock: Stationery,"Ballpoint pens, box of 50",200,28.24,5648.00,451.84,6099.84,3,,Rozita binti Mohd Ariff,Received
PO-2026-0057,2026-04-17,Admin,Norhayati binti Salleh,V005,Duduk Selesa Furnishings Sdn Bhd,Office Furniture,Replacement office chair,4,369.49,1477.96,118.24,1596.20,1,,Salmah binti Idris,Received
PO-2026-0058,2026-04-20,Sales,Kenneth Ho,V015,Cetak Pelangi Kenanga Sdn Bhd,Marketing and Printing,"Name cards, box of 200",13,40.25,523.25,41.86,565.11,1,,Joanne Lee Pei Shan,Received
PO-2026-0059,2026-04-22,Procurement,Daniel Wong Kah Leong,V001,Kertas Lestari Sdn Bhd,Stock: Paper,"A4 copier paper, 80 gsm (ream)",1200,10.99,13188.00,1055.04,14243.04,3,,Rozita binti Mohd Ariff,Received
PO-2026-0060,2026-04-22,IT,Arif bin Mansor,V008,Imbas Teraju Systems Sdn Bhd,IT Equipment,Handheld barcode scanner,1,1517.90,1517.90,121.43,1639.33,1,,Tan Boon Hock,Received
PO-2026-0061,2026-04-28,Admin,Norhayati binti Salleh,V010,Kilau Embun Facility Services Sdn Bhd,Facilities and Cleaning,"Office cleaning services, monthly fee, April 2026",1,3720.00,3720.00,297.60,4017.60,0,CT-2025-002,Salmah binti Idris,Received
PO-2026-0062,2026-04-28,Warehouse,Zulhilmi bin Hashim,V014,Kilat Merbok Express Sdn Bhd,Logistics and Courier,"Courier charges, monthly statement, April 2026",1,2301.95,2301.95,184.16,2486.11,0,CT-2025-004,Ganesh a/l Muniandy,Received
PO-2026-0063,2026-04-29,Warehouse,Muthu a/l Krishnan,V013,Rangka Waja Ironworks Sdn Bhd,Warehouse Equipment,Shelving spare parts and beams,1,2121.38,2121.38,169.71,2291.09,1,,Ganesh a/l Muniandy,Received
PO-2026-0064,2026-04-30,Marketing,Chloe Tan Xin Yi,V015,Cetak Pelangi Kenanga Sdn Bhd,Marketing and Printing,Brochures and banners,1,3639.04,3639.04,291.12,3930.16,1,,Farah Nadiah binti Zulkifli,Received
PO-2026-0065,2026-05-05,Procurement,Aina Sofea binti Rashid,V004,Alat Tulis Cendana Sdn Bhd,Stock: Stationery,"Lever arch files, carton of 50",48,123.89,5946.72,475.74,6422.46,3,,Rozita binti Mohd Ariff,Received
PO-2026-0066,2026-05-06,Procurement,Aina Sofea binti Rashid,V003,Tintaria Imaging Supplies Sdn Bhd,Stock: Toner and Ink,LaserPro 26X black toner cartridge,99,233.86,23152.14,1852.17,25004.31,3,,Rozita binti Mohd Ariff,Received
PO-2026-0067,2026-05-09,Procurement,Daniel Wong Kah Leong,V002,Pualam Paper Merchants Sdn Bhd,Stock: Paper,"A4 copier paper, 80 gsm (ream)",960,11.51,11049.60,883.97,11933.57,3,,Rozita binti Mohd Ariff,Received
PO-2026-0068,2026-05-09,Finance,Lee Hui Min,V002,Pualam Paper Merchants Sdn Bhd,Office Supplies,"Continuous computer forms, box",7,85.52,598.64,47.89,646.53,1,,Hafiz bin Kamarudin,Received
PO-2026-0069,2026-05-09,Admin,Norhayati binti Salleh,V011,Bersih Kemboja Services Sdn Bhd,Facilities and Cleaning,Cleaning supplies,1,822.27,822.27,65.78,888.05,1,,Salmah binti Idris,Received
PO-2026-0070,2026-05-10,Procurement,Aina Sofea binti Rashid,V001,Kertas Lestari Sdn. Bhd.,Stock: Paper,"A4 copier paper, 80 gsm (ream)",1360,11.77,16007.20,1280.58,17287.78,3,,Rozita binti Mohd Ariff,Received
PO-2026-0071,2026-05-12,Marketing,Chloe Tan Xin Yi,V015,Cetak Pelangi Kenanga Sdn Bhd,Marketing and Printing,"Product catalogue 2026/27, 3,000 copies",3000,3.83,11490.00,919.20,12409.20,1,,Farah Nadiah binti Zulkifli,Received
PO-2026-0072,2026-05-13,Procurement,Daniel Wong Kah Leong,V004,Alat Tulis Cendana Sdn Bhd,Stock: Stationery,"Ballpoint pens, box of 50",260,29.58,7690.80,615.26,8306.06,4,,Rozita binti Mohd Ariff,Received
PO-2026-0073,2026-05-14,Procurement,Aina Sofea binti Rashid,V003,Tintaria Imaging Supplies Sdn Bhd,Stock: Toner and Ink,LaserPro 85A black toner cartridge,130,176.52,22947.60,1835.81,24783.41,3,,Rozita binti Mohd Ariff,Received
PO-2026-0074,2026-05-14,Sales,Nur Syafiqah binti Azmi,V004,Alat Tulis Cendana Sdn Bhd,Office Supplies,Sales team stationery,1,219.02,219.02,17.52,236.54,1,,Joanne Lee Pei Shan,Received
PO-2026-0075,2026-05-15,,Arif bin Mansor,V009,Kodbar Nusa Technology Sdn Bhd,IT Equipment,Thermal label printer,2,1994.48,3988.96,319.12,4308.08,1,,Tan Boon Hock,Received
PO-2026-0076,2026-05-18,Procurement,Daniel Wong Kah Leong,V006,Kerusi Nadira Trading,Stock: Furniture,Ergonomic mesh chair,55,339.08,18649.40,1491.95,20141.35,3,,Rozita binti Mohd Ariff,Received
PO-2026-0077,2026-05-21,Admin,Norhayati binti Salleh,V004,Alat Tulis Cendana Sdn Bhd,Office Supplies,Office stationery for head office,1,485.01,485.01,38.80,523.81,1,,Salmah binti Idris,Received
PO-2026-0077,2026-05-21,Admin,Norhayati binti Salleh,V004,Alat Tulis Cendana Sdn Bhd,Office Supplies,Office stationery for head office,1,485.01,485.01,38.80,523.81,1,,Salmah binti Idris,Received
PO-2026-0078,2026-05-26,Procurement,Aina Sofea binti Rashid,V003,Tintaria Imaging Supplies Sdn Bhd,Stock: Toner and Ink,LaserPro 26X black toner cartridge,89,239.49,21314.61,1705.17,23019.78,3,,Rozita binti Mohd Ariff,Received
PO-2026-0079,2026-05-27,Procurement,Aina Sofea binti Rashid,V005,Duduk Selesa Furnishings Sdn Bhd,Stock: Furniture,Ergonomic mesh chair,58,355.84,20638.72,1651.10,22289.82,3,,Rozita binti Mohd Ariff,Received
PO-2026-0080,2026-05-28,Admin,Norhayati binti Salleh,V010,Kilau Embun Facility Services Sdn Bhd,Facilities and Cleaning,"Office cleaning services, monthly fee, May 2026",1,3720.00,3720.00,297.60,4017.60,0,CT-2025-002,Salmah binti Idris,Received
PO-2026-0081,2026-05-28,Warehouse,Muthu a/l Krishnan,V014,Kilat Merbok Express Sdn Bhd,Logistics and Courier,"Courier charges, monthly statement, May 2026",1,7142.22,7142.22,571.38,7713.60,0,CT-2025-004,Rozita binti Mohd Ariff,Received
PO-2026-0082,2026-06-04,Procurement,Daniel Wong Kah Leong,V001,Kertas Lestari Sdn Bhd,Stock: Paper,"A4 copier paper, 80 gsm (ream)",1150,11.44,13156.00,1052.48,14208.48,4,,Rozita binti Mohd Ariff,Received
PO-2026-0083,2026-06-04,Procurement,Aina Sofea binti Rashid,V002,Pualam Paper Merchants Sdn Bhd,Stock: Paper,"A3 copier paper, 80 gsm (ream)",400,23.86,9544.00,763.52,10307.52,4,,Rozita binti Mohd Ariff,Received
PO-2026-0084,2026-06-04,Warehouse,Zulhilmi bin Hashim,V013,Rangka Waja Ironworks Sdn Bhd,Warehouse Equipment,Shelving spare parts and beams,1,1035.96,1035.96,82.88,1118.84,1,,Ganesh a/l Muniandy,Received
PO-2026-0085,2026-06-07,Procurement,Daniel Wong Kah Leong,V004,Alat Tulis Cendana Sdn Bhd,Stock: Stationery,"Ballpoint pens, box of 50",370,27.62,10219.40,817.55,11036.95,3,,Rozita binti Mohd Ariff,Received
PO-2026-0086,2026-06-10,Procurement,Aina Sofea binti Rashid,V002,Pualam Paper Merchants Sdn Bhd,Stock: Paper,"A4 copier paper, 80 gsm (ream)",1180,11.15,13157.00,1052.56,14209.56,3,,Rozita binti Mohd Ariff,Received
PO-2026-0087,2026-06-12,Warehouse,Muthu a/l Krishnan,V012,Rakmas Storage Solutions Sdn Bhd,Warehouse Equipment,Pallet trolley,6,594.48,3566.88,285.35,3852.23,1,,Ganesh a/l Muniandy,Received
PO-2026-0088,2026-06-14,Procurement,Daniel Wong Kah Leong,V003,Tintaria Imaging Supplies Sdn Bhd,Stock: Toner and Ink,LaserPro 85A black toner cartridge,66,178.22,11762.52,941.00,12703.52,3,,Rozita binti Mohd Ariff,Received
PO-2026-0089,2026-06-14,,Chloe Tan Xin Yi,V015,Cetak Pelangi Kenanga Sdn Bhd,Marketing and Printing,Brochures and banners,1,962.81,962.81,77.02,1039.83,1,,Farah Nadiah binti Zulkifli,Received
PO-2026-0090,2026-06-15,IT,Arif bin Mansor,V008,Imbas Teraju Systems Sdn Bhd,IT Equipment,Handheld barcode scanner,2,1448.70,2897.40,231.79,3129.19,1,,Tan Boon Hock,Received
PO-2026-0091,2026-06-18,Procurement,Daniel Wong Kah Leong,V003,Tintaria Imaging Supplies Sdn Bhd,Stock: Toner and Ink,LaserPro 26X black toner cartridge,77,231.92,17857.84,1428.63,19286.47,3,,Rozita binti Mohd Ariff,Received
PO-2026-0092,2026-06-18,,Norhayati binti Salleh,V005,Duduk Selesa Furnishings Sdn Bhd,Office Furniture,Replacement office chair,3,361.94,1085.82,86.87,1172.69,1,,Salmah binti Idris,Received
PO-2026-0093,2026-06-25,Procurement,Daniel Wong Kah Leong,V004,Alat Tulis Cendana Sdn Bhd,Stock: Stationery,"Lever arch files, carton of 50",87,129.75,11288.25,903.06,12191.31,3,,Rozita binti Mohd Ariff,Cancelled
PO-2026-0094,2026-06-26,Procurement,Aina Sofea binti Rashid,V007,Ergoluma Seating Sdn Bhd,Stock: Furniture,Executive office desk 1.6 m,24,561.30,13471.20,1077.70,14548.90,3,,Rozita binti Mohd Ariff,Received
PO-2026-0095,2026-06-28,Procurement,Daniel Wong Kah Leong,V001,Kertas Lestari Sdn Bhd,Stock: Paper,"A4 copier paper, 80 gsm (ream)",1330,11.38,15135.40,1210.83,16346.23,3,,Rozita binti Mohd Ariff,Cancelled
PO-2026-0096,2026-06-28,Sales,Nur Syafiqah binti Azmi,V004,Alat Tulis Cendana Sdn Bhd,Office Supplies,Sales team stationery,1,187.02,187.02,14.96,201.98,1,,Joanne Lee Pei Shan,Cancelled
PO-2026-0097,2026-06-28,Admin,Norhayati binti Salleh,V010,Kilau Embun Facility Services Sdn Bhd,Facilities and Cleaning,"Office cleaning services, monthly fee, June 2026",1,3720.00,3720.00,297.60,4017.60,0,CT-2025-002,Salmah binti Idris,Received
PO-2026-0098,2026-06-28,Warehouse,Zulhilmi bin Hashim,V014,Kilat Merbok Express Sdn Bhd,Logistics and Courier,"Courier charges, monthly statement, June 2026",1,7593.72,7593.72,607.50,8201.22,0,CT-2025-004,Rozita binti Mohd Ariff,Received
PO-2026-0099,2026-07-02,Procurement,Daniel Wong Kah Leong,V004,Alat Tulis Cendana Sdn Bhd,Stock: Stationery,"Ballpoint pens, box of 50",210,28.69,6024.90,481.99,6506.89,3,,Rozita binti Mohd Ariff,Received
PO-2026-0100,2026-07-03,Procurement,Daniel Wong Kah Leong,V002,Pualam Paper Merchants Sdn Bhd,Stock: Paper,"A4 copier paper, 80 gsm (ream)",1190,12.09,14387.10,1150.97,15538.07,4,,Rozita binti Mohd Ariff,Received
PO-2026-0101,2026-07-04,Sales,Nur Syafiqah binti Azmi,V015,Cetak Pelangi Kenanga Sdn Bhd,Marketing and Printing,"Name cards, box of 200",4,42.01,168.04,13.44,181.48,1,,Joanne Lee Pei Shan,Cancelled
PO-2026-0102,2026-07-10,Finance,Lee Hui Min,V002,Pualam Paper Merchants Sdn Bhd,Office Supplies,"Continuous computer forms, box",11,79.87,878.57,70.29,948.86,1,,Hafiz bin Kamarudin,Received
PO-2026-0103,2026-07-12,Procurement,Daniel Wong Kah Leong,V003,Tintaria Imaging Supplies Sdn Bhd,Stock: Toner and Ink,LaserPro 85A black toner cartridge,85,177.42,15080.70,1206.46,16287.16,3,,Rozita binti Mohd Ariff,Received
PO-2026-0104,2026-07-13,Procurement,Aina Sofea binti Rashid,V003,Tintaria Imaging Supplies Sdn Bhd,Stock: Toner and Ink,LaserPro 26X black toner cartridge,93,229.25,21320.25,1705.62,23025.87,3,,Rozita binti Mohd Ariff,Received
PO-2026-0105,2026-07-17,IT,Arif bin Mansor,V009,Kodbar Nusa Technology Sdn Bhd,IT Equipment,Thermal label printer,1,2092.77,2092.77,167.42,2260.19,1,,Tan Boon Hock,Received
PO-2026-0106,2026-07-18,Warehouse,Zulhilmi bin Hashim,V012,Rakmas Storage Solutions Sdn Bhd,Warehouse Equipment,Pallet trolley,5,515.22,2576.10,206.09,2782.19,1,,Ganesh a/l Muniandy,Received
PO-2026-0107,2026-07-20,Warehouse,Zulhilmi bin Hashim,V012,Rakmas Storage Solutions Sdn Bhd,Warehouse Equipment,"Steel mezzanine platform, phase 1",1,38500.00,38500.00,3080.00,41580.00,3,,Rozita binti Mohd Ariff,Cancelled
PO-2026-0108,2026-07-22,Procurement,Daniel Wong Kah Leong,V001,Kertas Lestari Sdn Bhd,Stock: Paper,"A4 copier paper, 80 gsm (ream)",1310,10.92,14305.20,1144.42,15449.62,3,,Rozita binti Mohd Ariff,Received
PO-2026-0109,2026-07-24,Admin,Norhayati binti Salleh,V011,Bersih Kemboja Services Sdn Bhd,Facilities and Cleaning,Cleaning supplies,1,647.81,647.81,51.82,699.63,1,,Salmah binti Idris,Received
PO-2026-0110,2026-07-25,Procurement,Daniel Wong Kah Leong,V005,Duduk Selesa Furnishings Sdn Bhd,Stock: Furniture,Ergonomic mesh chair,88,364.18,32047.84,2563.83,34611.67,3,,Rozita binti Mohd Ariff,Received
PO-2026-0111,2026-07-28,Admin,Norhayati binti Salleh,V010,Kilau Embun Facility Services Sdn Bhd,Facilities and Cleaning,"Office cleaning services, monthly fee, July 2026",1,3720.00,3720.00,297.60,4017.60,0,CT-2025-002,Salmah binti Idris,Received
PO-2026-0112,2026-07-28,Warehouse,Muthu a/l Krishnan,V014,Kilat Merbok Express Sdn Bhd,Logistics and Courier,"Courier charges, monthly statement, July 2026",1,6634.76,6634.76,530.78,7165.54,0,CT-2025-004,Rozita binti Mohd Ariff,Received
PO-2026-0113,2026-07-29,Procurement,Aina Sofea binti Rashid,V006,Kerusi Nadira Trading,Stock: Furniture,Ergonomic mesh chair,76,334.72,25438.72,2035.10,27473.82,4,,Rozita binti Mohd Ariff,Received
PO-2026-0114,2026-07-30,Warehouse,Muthu a/l Krishnan,V013,Rangka Waja Ironworks Sdn Bhd,Warehouse Equipment,Shelving spare parts and beams,1,1841.46,1841.46,147.32,1988.78,1,,Ganesh a/l Muniandy,Received
PO-2026-0115,2026-07-31,Procurement,Aina Sofea binti Rashid,V004,Alat Tulis Cendana Sdn Bhd,Stock: Stationery,"Ballpoint pens, box of 50",240,30.72,7372.80,589.82,7962.62,3,,Rozita binti Mohd Ariff,Received
PO-2026-0116,2026-08-03,Procurement,Daniel Wong Kah Leong,V002,Pualam Paper Merchants Sdn Bhd,Stock: Paper,"A3 copier paper, 80 gsm (ream)",260,23.66,6151.60,492.13,6643.73,4,,Rozita binti Mohd Ariff,Received
PO-2026-0117,2026-08-04,Procurement,Aina Sofea binti Rashid,V002,Pualam Paper Merchants Sdn Bhd,Stock: Paper,"A4 copier paper, 80 gsm (ream)",610,11.36,6929.60,554.37,7483.97,3,,Rozita binti Mohd Ariff,Received
PO-2026-0118,2026-08-09,Admin,Norhayati binti Salleh,V004,Alat Tulis Cendana Sdn Bhd,Office Supplies,Office stationery for head office,1,645.91,645.91,51.67,697.58,1,,Salmah binti Idris,Received
PO-2026-0119,2026-08-09,Admin,Norhayati binti Salleh,V005,Duduk Selesa Furnishings Sdn Bhd,Office Furniture,Replacement office chair,5,372.62,1863.10,149.05,2012.15,1,,Salmah binti Idris,Received
PO-2026-0120,2026-08-10,Procurement,Aina Sofea binti Rashid,V004,Alat Tulis Cendana Sdn Bhd,Stock: Stationery,"Lever arch files, carton of 50",76,119.17,9056.92,724.55,9781.47,3,,Rozita binti Mohd Ariff,Received
PO-2026-0121,2026-08-12,Procurement,Daniel Wong Kah Leong,V003,Tintaria Imaging Supplies Sdn Bhd,Stock: Toner and Ink,LaserPro 26X black toner cartridge,110,236.19,25980.90,2078.47,28059.37,3,,Rozita binti Mohd Ariff,Received
PO-2026-0122,2026-08-13,Procurement,Daniel Wong Kah Leong,V003,Tintaria Imaging Supplies Sdn Bhd,Stock: Toner and Ink,LaserPro 85A black toner cartridge,95,172.88,16423.60,1313.89,17737.49,3,,Rozita binti Mohd Ariff,Received
PO-2026-0123,2026-08-16,Sales,Kenneth Ho,V015,Cetak Pelangi Kenanga Sdn Bhd,Marketing and Printing,"Name cards, box of 200",15,38.43,576.45,46.12,622.57,1,,Joanne Lee Pei Shan,Received
PO-2026-0124,2026-08-18,Procurement,Aina Sofea binti Rashid,V001,KERTAS LESTARI SDN BHD,Stock: Paper,"A4 copier paper, 80 gsm (ream)",950,11.32,10754.00,860.32,11614.32,4,,Rozita binti Mohd Ariff,Received
PO-2026-0125,2026-08-18,IT,Arif bin Mansor,V009,Kodbar Nusa Technology Sdn Bhd,IT Equipment,Wireless barcode scanner,4,1150.00,4600.00,368.00,4968.00,1,,Tan Boon Hock,Received
PO-2026-0126,2026-08-19,IT,Arif bin Mansor,V009,Kodbar Nusa Technology Sdn Bhd,IT Equipment,Thermal label printer,2,2275.00,4550.00,364.00,4914.00,1,,Tan Boon Hock,Received
PO-2026-0127,2026-08-20,IT,Arif bin Mansor,V008,Imbas Teraju Systems Sdn Bhd,IT Equipment,Handheld barcode scanner,2,1540.45,3080.90,246.47,3327.37,1,,Tan Boon Hock,Received
PO-2026-0128,2026-08-22,Sales,Kenneth Ho,V004,Alat Tulis Cendana Sdn Bhd,Office Supplies,Sales team stationery,1,413.76,413.76,33.10,446.86,1,,Joanne Lee Pei Shan,Received
PO-2026-0129,2026-08-25,Procurement,Aina Sofea binti Rashid,V004,Alat Tulis Cendana Sdn Bhd,Stock: Stationery,"Ballpoint pens, box of 50",230,30.29,6966.70,557.34,7524.04,3,,Rozita binti Mohd Ariff,Received
PO-2026-0130,2026-08-28,Admin,Norhayati binti Salleh,V010,Kilau Embun Facility Services Sdn Bhd,Facilities and Cleaning,"Office cleaning services, monthly fee, August 2026",1,3720.00,3720.00,297.60,4017.60,0,CT-2025-002,Salmah binti Idris,Received
PO-2026-0131,2026-08-28,Warehouse,Zulhilmi bin Hashim,V014,Kilat Merbok Express Sdn Bhd,Logistics and Courier,"Courier charges, monthly statement, August 2026",1,7479.25,7479.25,598.34,8077.59,0,CT-2025-004,Rozita binti Mohd Ariff,Received
PO-2026-0132,2026-08-31,Marketing,Chloe Tan Xin Yi,V015,Cetak Pelangi Kenanga Sdn Bhd,Marketing and Printing,Brochures and banners,1,3249.44,3249.44,259.96,3509.40,1,,Farah Nadiah binti Zulkifli,Received
PO-2026-0133,2026-09-02,Procurement,Daniel Wong Kah Leong,V003,Tintaria Imaging Supplies Sdn Bhd,Stock: Toner and Ink,LaserPro 26X black toner cartridge,120,237.92,28550.40,2284.03,30834.43,4,,Rozita binti Mohd Ariff,Received
PO-2026-0134,2026-09-02,Admin,Norhayati binti Salleh,V011,Bersih Kemboja Services Sdn Bhd,Facilities and Cleaning,Cleaning supplies,1,701.28,701.28,56.10,757.38,1,,Salmah binti Idris,Received
PO-2026-0135,2026-09-02,Warehouse,Zulhilmi bin Hashim,V012,Rakmas Storage Solutions Sdn Bhd,Warehouse Equipment,Pallet trolley,5,483.33,2416.65,193.33,2609.98,1,,Ganesh a/l Muniandy,Received
PO-2026-0136,2026-09-03,Procurement,Aina Sofea binti Rashid,V001,Kertas Lestari Sdn Bhd,Stock: Paper,"A4 copier paper, 80 gsm (ream)",1110,10.87,12065.70,965.26,13030.96,4,,Rozita binti Mohd Ariff,Received
PO-2026-0137,2026-09-04,Procurement,Daniel Wong Kah Leong,V002,Pualam Paper Merchants Sdn Bhd,Stock: Paper,"A4 copier paper, 80 gsm (ream)",950,12.11,11504.50,920.36,12424.86,3,,Rozita binti Mohd Ariff,Received
PO-2026-0138,2026-09-13,Finance,Lee Hui Min,V002,Pualam Paper Merchants Sdn Bhd,Office Supplies,"Continuous computer forms, box",4,82.45,329.80,26.38,356.18,1,,Hafiz bin Kamarudin,Received
PO-2026-0138,2026-09-13,Finance,Lee Hui Min,V002,Pualam Paper Merchants Sdn Bhd,Office Supplies,"Continuous computer forms, box",4,82.45,329.80,26.38,356.18,1,,Hafiz bin Kamarudin,Received
PO-2026-0139,2026-09-15,Procurement,Daniel Wong Kah Leong,V007,Ergoluma Seating Sdn Bhd,Stock: Furniture,Executive office desk 1.6 m,31,593.29,18391.99,1471.36,19863.35,3,,Rozita binti Mohd Ariff,Open
PO-2026-0140,2026-09-19,Procurement,Aina Sofea binti Rashid,V004,Alat Tulis Cendana Sdn Bhd,Stock: Stationery,"Lever arch files, carton of 50",43,123.50,5310.50,424.84,5735.34,3,,Rozita binti Mohd Ariff,Open
PO-2026-0141,2026-09-20,Procurement,Aina Sofea binti Rashid,V005,Duduk Selesa Furnishings Sdn Bhd,Stock: Furniture,Ergonomic mesh chair,73,368.85,26926.05,2154.08,29080.13,4,,Rozita binti Mohd Ariff,Open
PO-2026-0142,2026-09-21,Procurement,Daniel Wong Kah Leong,V003,Tintaria Imaging Supplies Sdn Bhd,Stock: Toner and Ink,LaserPro 85A black toner cartridge,64,181.92,11642.88,931.43,12574.31,3,,Rozita binti Mohd Ariff,Open
PO-2026-0143,2026-09-22,Procurement,Aina Sofea binti Rashid,V001,Kertas Lestari Sdn Bhd,Stock: Paper,"A4 copier paper, 80 gsm (ream)",1250,10.84,13550.00,1084.00,14634.00,4,,Rozita binti Mohd Ariff,Open
PO-2026-0144,2026-09-28,Admin,Norhayati binti Salleh,V004,Alat Tulis Cendana Sdn Bhd,Office Supplies,Office stationery for head office,1,518.54,518.54,41.48,560.02,1,,Salmah binti Idris,Open
PO-2026-0145,2026-09-28,Admin,Norhayati binti Salleh,V010,Kilau Embun Facility Services Sdn Bhd,Facilities and Cleaning,"Office cleaning services, monthly fee, September 2026",1,3720.00,3720.00,297.60,4017.60,0,CT-2025-002,Salmah binti Idris,Open
PO-2026-0146,2026-09-28,Warehouse,Muthu a/l Krishnan,V014,Kilat Merbok Express Sdn Bhd,Logistics and Courier,"Courier charges, monthly statement, September 2026",1,7228.67,7228.67,578.29,7806.96,0,CT-2025-004,Rozita binti Mohd Ariff,Open
PO-2026-0147,2026-09-29,Procurement,Daniel Wong Kah Leong,V003,Tintaria Imaging Supplies Sdn Bhd,Stock: Toner and Ink,LaserPro 26X black toner cartridge,85,230.95,19630.75,1570.46,21201.21,4,,Rozita binti Mohd Ariff,Open
PO-2026-0148,2026-09-30,Procurement,Aina Sofea binti Rashid,V004,Alat Tulis Cendana Sdn Bhd,Stock: Stationery,"Ballpoint pens, box of 50",300,29.15,8745.00,699.60,9444.60,4,,Rozita binti Mohd Ariff,Open
