PO No.,PO Date,Vendor ID,Vendor Name,Description,Qty,Unit Price (RM),Amount (RM),Tax (RM),Total (RM)
PO-2026-0149,2026-10-01,V001,Kertas Lestari Sdn Bhd,"A4 copier paper, 80 gsm (ream)",1200,11.80,14160.00,1132.80,15292.80
PO-2026-0150,2026-10-02,V003,Tintaria Imaging Supplies Sdn Bhd,LaserPro 26X black toner cartridge,120,236.00,28320.00,2265.60,30585.60
PO-2026-0151,2026-10-03,V004,Alat Tulis Cendana Sdn Bhd,"Ballpoint pens, box of 50",250,28.90,7225.00,578.00,7803.00
PO-2026-0152,2026-10-04,V002,Pualam Paper Merchants Sdn Bhd,"A3 copier paper, 80 gsm (ream)",300,23.60,7080.00,566.40,7646.40
PO-2026-0153,2026-10-06,V005,Duduk Selesa Furnishings Sdn Bhd,Ergonomic mesh chair,60,365.00,21900.00,1752.00,23652.00
PO-2026-0154,2026-10-07,V009,Kodbar Nusa Technology Sdn Bhd,Thermal label printer,2,1980.00,3960.00,316.80,4276.80
PO-2026-0155,2026-10-08,V012,Rakmas Storage Solutions Sdn Bhd,Pallet trolley,4,560.00,2240.00,179.20,2419.20
PO-2026-0156,2026-10-09,V007,Ergoluma Seating Sdn Bhd,Executive office desk 1.6 m,25,575.00,14375.00,1150.00,15525.00
PO-2026-0157,2026-10-11,V015,Cetak Pelangi Kenanga Sdn Bhd,"Brochures, year-end promotion",1,2450.00,2450.00,196.00,2646.00
PO-2026-0158,2026-10-12,V011,Bersih Kemboja Services Sdn Bhd,Cleaning supplies,1,860.00,860.00,68.80,928.80
PO-2026-0159,2026-10-13,V008,Imbas Teraju Systems Sdn Bhd,Handheld barcode scanner,2,1480.00,2960.00,236.80,3196.80
PO-2026-0160,2026-10-14,V006,Kerusi Nadira Trading,Ergonomic mesh chair,50,338.00,16900.00,1352.00,18252.00
