GRN No.,GRN Date,PO No.,Qty Received
GRN-2026-0612,2026-10-06,PO-2026-0149,1200
GRN-2026-0613,2026-10-10,PO-2026-0150,100
GRN-2026-0614,2026-10-11,PO-2026-0151,250
GRN-2026-0615,2026-10-13,PO-2026-0152,300
GRN-2026-0616,2026-10-12,PO-2026-0153,60
GRN-2026-0617,2026-10-12,PO-2026-0154,2
GRN-2026-0618,2026-10-15,PO-2026-0155,4
GRN-2026-0619,2026-10-15,PO-2026-0156,25
GRN-2026-0620,2026-10-18,PO-2026-0157,1
GRN-2026-0621,2026-10-21,PO-2026-0158,1
GRN-2026-0622,2026-10-22,PO-2026-0159,2
GRN-2026-0623,2026-10-23,PO-2026-0160,50
