Invoice No.,Invoice Date,Vendor ID,Vendor Name,PO No.,Qty Billed,Unit Price (RM),Amount (RM),Tax (RM),Total (RM),Due Date
KL-INV-26-5526,2026-10-07,V001,Kertas Lestari Sdn Bhd,PO-2026-0149,1200,12.30,14760.00,1180.80,15940.80,2026-11-06
TIS-INV-8060,2026-10-13,V003,Tintaria Imaging Supplies Sdn Bhd,PO-2026-0150,120,236.00,28320.00,2265.60,30585.60,2026-11-12
KNT-I-2304,2026-10-14,V009,Kodbar Nusa Technology Sdn Bhd,PO-2026-0154,2,1980.00,3960.00,316.80,4276.80,2026-11-13
ATC/INV/26/5086,2026-10-15,V004,Alat Tulis Cendana Sdn Bhd,PO-2026-0151,250,28.90,7225.00,578.00,7803.00,2026-11-14
DSF-INV-1719,2026-10-15,V005,Duduk Selesa Furnishings Sdn Bhd,PO-2026-0153,60,365.00,21900.00,1752.00,23652.00,2026-11-14
PPM/INV/4012,2026-10-16,V002,Pualam Paper Merchants Sdn Bhd,PO-2026-0152,300,23.60,7080.00,566.40,7646.40,2026-11-15
ELS/INV/2191,2026-10-17,V007,Ergoluma Seating Sdn Bhd,PO-2026-0156,25,575.00,14375.00,1150.00,15525.00,2026-11-16
RSS-INV-3851,2026-10-18,V012,Rakmas Storage Solutions Sdn Bhd,PO-2026-0155,4,560.00,2240.00,179.20,2419.20,2026-11-17
CPK-INV-4536,2026-10-21,V015,Cetak Pelangi Kenanga Sdn Bhd,PO-2026-0157,1,2450.00,2450.00,196.00,2646.00,2026-11-20
CPK-INV-4471,2026-10-22,V015,Cetak Pelangi Kenanga Sdn Bhd,PO-2026-0999,1,1980.00,1980.00,158.40,2138.40,2026-11-21
ITS/INV/4629,2026-10-23,V008,Imbas Teraju Systems Sdn Bhd,PO-2026-0159,2,1480.00,2960.00,236.80,3196.80,2026-11-22
ATC/INV/26/5086,2026-10-24,V004,Alat Tulis Cendana Sdn Bhd,PO-2026-0151,250,28.90,7225.00,578.00,7803.00,2026-11-23
BKS/INV/3383,2026-10-24,V011,Bersih Kemboja Services Sdn Bhd,PO-2026-0158,1,860.00,860.00,68.80,928.80,2026-11-23
